Sl,Station_Names,Year,Month,Max_Temp,Min_Temp,Rainfall,Relative_Humidity,Wind_Speed,Cloud_Coverage,Bright_Sunshine,Station_Number,X_COR,Y_COR,LATITUDE,LONGITUDE,ALT,Period,Flood?
0,Barisal,1949,1,29.4,12.3,0,68,0.453703704,0.6,7.831914894,41950,536809.8,510151.9,22.7,90.36,4,1949.01,
1,Barisal,1949,2,33.9,15.2,9,63,0.659259259,0.9,8.314893617,41950,536809.8,510151.9,22.7,90.36,4,1949.02,
2,Barisal,1949,3,36.7,20.2,8,59,1.085185185,1.5,8.131914894,41950,536809.8,510151.9,22.7,90.36,4,1949.03,
3,Barisal,1949,4,33.9,23.9,140,71,1.772222222,3.9,8.219148936,41950,536809.8,510151.9,22.7,90.36,4,1949.04,
4,Barisal,1949,5,35.6,25,217,76,1.703703704,4.1,7.046808511,41950,536809.8,510151.9,22.7,90.36,4,1949.05,
5,Barisal,1949,6,34.4,25.7,512,80,1.631481481,5.6,4.072340426,41950,536809.8,510151.9,22.7,90.36,4,1949.06,1
6,Barisal,1949,7,33.4,25.8,575,85,1.57037037,5.4,3.738297872,41950,536809.8,510151.9,22.7,90.36,4,1949.07,1
7,Barisal,1949,8,33.5,25.7,349,86,1.32962963,5.6,4.272340426,41950,536809.8,510151.9,22.7,90.36,4,1949.08,1
8,Barisal,1949,9,34.8,25.7,252,83,0.937037037,4.8,4.823404255,41950,536809.8,510151.9,22.7,90.36,4,1949.09,
9,Barisal,1949,10,34,24.7,128,78,0.490740741,3.1,7,41950,536809.8,510151.9,22.7,90.36,4,1949.1,
10,Barisal,1949,11,31.5,17.4,41,68,0.312962963,0.9,7.85106383,41950,536809.8,510151.9,22.7,90.36,4,1949.11,
11,Barisal,1949,12,29.7,12.5,0,66,0.337037037,0.3,7.725531915,41950,536809.8,510151.9,22.7,90.36,4,1949.12,
12,Barisal,1950,1,30,14.1,0,77,0.453703704,0.8,7.831914894,41950,536809.8,510151.9,22.7,90.36,4,1950.01,
13,Barisal,1950,2,31.7,16.6,90,76,0.659259259,1.7,8.314893617,41950,536809.8,510151.9,22.7,90.36,4,1950.02,
14,Barisal,1950,3,36.1,20.5,13,70,1.085185185,2.9,8.131914894,41950,536809.8,510151.9,22.7,90.36,4,1950.03,
15,Barisal,1950,4,37.2,24.2,66,75,1.772222222,3.3,8.219148936,41950,536809.8,510151.9,22.7,90.36,4,1950.04,
16,Barisal,1950,5,36.1,25.5,87,78,1.703703704,4.8,7.046808511,41950,536809.8,510151.9,22.7,90.36,4,1950.05,1
17,Barisal,1950,6,33.9,26,476,87,1.631481481,7.2,4.072340426,41950,536809.8,510151.9,22.7,90.36,4,1950.06,1
18,Barisal,1950,7,32.2,25.9,546,89,1.57037037,6.8,3.738297872,41950,536809.8,510151.9,22.7,90.36,4,1950.07,1
19,Barisal,1950,8,32.8,25.6,337,90,1.32962963,7.4,4.272340426,41950,536809.8,510151.9,22.7,90.36,4,1950.08,1
20,Barisal,1950,9,33.9,26.4,187,84,0.937037037,6.5,4.823404255,41950,536809.8,510151.9,22.7,90.36,4,1950.09,
21,Barisal,1950,10,33.3,24.5,339,85,0.490740741,5.8,7,41950,536809.8,510151.9,22.7,90.36,4,1950.1,1
22,Barisal,1950,11,32.9,18.6,98,73,0.312962963,2.9,7.85106383,41950,536809.8,510151.9,22.7,90.36,4,1950.11,
23,Barisal,1950,12,30.1,14,0,68,0.337037037,1.5,7.725531915,41950,536809.8,510151.9,22.7,90.36,4,1950.12,
24,Barisal,1951,1,28.2,12.3,0,77,0.453703704,0.6,7.831914894,41950,536809.8,510151.9,22.7,90.36,4,1951.01,
25,Barisal,1951,2,32.3,16,0,76,0.659259259,0.6,8.314893617,41950,536809.8,510151.9,22.7,90.36,4,1951.02,
26,Barisal,1951,3,35.6,21.5,67,70,1.085185185,4,8.131914894,41950,536809.8,510151.9,22.7,90.36,4,1951.03,
27,Barisal,1951,4,36.7,24.3,137,75,1.772222222,4.6,8.219148936,41950,536809.8,510151.9,22.7,90.36,4,1951.04,
28,Barisal,1951,5,35.2,25.6,114,78,1.703703704,3.9,7.046808511,41950,536809.8,510151.9,22.7,90.36,4,1951.05,
29,Barisal,1951,6,33.9,26.2,394,87,1.631481481,6.7,4.072340426,41950,536809.8,510151.9,22.7,90.36,4,1951.06,1
30,Barisal,1951,7,35,26,375,89,1.57037037,7.2,3.738297872,41950,536809.8,510151.9,22.7,90.36,4,1951.07,1
31,Barisal,1951,8,33.3,26.4,194,90,1.32962963,7.3,4.272340426,41950,536809.8,510151.9,22.7,90.36,4,1951.08,
32,Barisal,1951,9,34.4,25.5,286,84,0.937037037,5.5,4.823404255,41950,536809.8,510151.9,22.7,90.36,4,1951.09,
33,Barisal,1951,10,33.3,25.1,301,85,0.490740741,4.8,7,41950,536809.8,510151.9,22.7,90.36,4,1951.1,1
34,Barisal,1951,11,31.1,20,31,73,0.312962963,2.5,7.85106383,41950,536809.8,510151.9,22.7,90.36,4,1951.11,
35,Barisal,1951,12,31.7,15.7,0,68,0.337037037,2.1,7.725531915,41950,536809.8,510151.9,22.7,90.36,4,1951.12,
36,Barisal,1952,1,26.6,12.3,2,77,0.453703704,1,7.831914894,41950,536809.8,510151.9,22.7,90.36,4,1952.01,
37,Barisal,1952,2,30.6,15.2,8,75,0.659259259,1.5,8.314893617,41950,536809.8,510151.9,22.7,90.36,4,1952.02,
38,Barisal,1952,3,33.3,20.2,33,73,1.085185185,2.4,8.131914894,41950,536809.8,510151.9,22.7,90.36,4,1952.03,
39,Barisal,1952,4,34,23.9,85,78,1.772222222,3.7,8.219148936,41950,536809.8,510151.9,22.7,90.36,4,1952.04,
40,Barisal,1952,5,33.6,25,196,81,1.703703704,4.7,7.046808511,41950,536809.8,510151.9,22.7,90.36,4,1952.05,
41,Barisal,1952,6,32.9,25.7,406,87,1.631481481,6.2,4.072340426,41950,536809.8,510151.9,22.7,90.36,4,1952.06,1
42,Barisal,1952,7,31.2,25.6,414,88,1.57037037,6.5,3.738297872,41950,536809.8,510151.9,22.7,90.36,4,1952.07,1
43,Barisal,1952,8,31.4,25.7,349,88,1.32962963,6.4,4.272340426,41950,536809.8,510151.9,22.7,90.36,4,1952.08,1
44,Barisal,1952,9,32.5,25.5,275,87,0.937037037,5.6,4.823404255,41950,536809.8,510151.9,22.7,90.36,4,1952.09,
45,Barisal,1952,10,32,23.8,171,85,0.490740741,3.6,7,41950,536809.8,510151.9,22.7,90.36,4,1952.1,
46,Barisal,1952,11,30.7,18.8,35,80,0.312962963,2,7.85106383,41950,536809.8,510151.9,22.7,90.36,4,1952.11,
47,Barisal,1952,12,27.8,13.7,4,63,0.337037037,1,7.725531915,41950,536809.8,510151.9,22.7,90.36,4,1952.12,
48,Barisal,1953,1,30,13.3,10,75,0.453703704,1.6,7.831914894,41950,536809.8,510151.9,22.7,90.36,4,1953.01,
49,Barisal,1953,2,32.8,15.5,3,75,0.659259259,2.2,8.314893617,41950,536809.8,510151.9,22.7,90.36,4,1953.02,
50,Barisal,1953,3,35,22.9,3,78,1.085185185,3.1,8.131914894,41950,536809.8,510151.9,22.7,90.36,4,1953.03,
51,Barisal,1953,4,36.7,25.1,46,76,1.772222222,3.9,8.219148936,41950,536809.8,510151.9,22.7,90.36,4,1953.04,
52,Barisal,1953,5,36.1,25.2,339,81,1.703703704,5.3,7.046808511,41950,536809.8,510151.9,22.7,90.36,4,1953.05,1
53,Barisal,1953,6,35.6,25.2,715,88,1.631481481,7.3,4.072340426,41950,536809.8,510151.9,22.7,90.36,4,1953.06,1
54,Barisal,1953,7,35,25.5,526,91,1.57037037,6.9,3.738297872,41950,536809.8,510151.9,22.7,90.36,4,1953.07,1
55,Barisal,1953,8,36.7,25.7,167,87,1.32962963,6.1,4.272340426,41950,536809.8,510151.9,22.7,90.36,4,1953.08,
56,Barisal,1953,9,35,25.7,174,87,0.937037037,5.6,4.823404255,41950,536809.8,510151.9,22.7,90.36,4,1953.09,
57,Barisal,1953,10,33.1,24.3,45,80,0.490740741,3,7,41950,536809.8,510151.9,22.7,90.36,4,1953.1,
58,Barisal,1953,11,30.6,19.1,0,77,0.312962963,1.4,7.85106383,41950,536809.8,510151.9,22.7,90.36,4,1953.11,
59,Barisal,1953,12,29.4,16.1,0,76,0.337037037,0.6,7.725531915,41950,536809.8,510151.9,22.7,90.36,4,1953.12,
60,Barisal,1954,1,27.8,12.7,0,72,0.453703704,0.5,7.831914894,41950,536809.8,510151.9,22.7,90.36,4,1954.01,
61,Barisal,1954,2,33.4,17.9,3,73,0.659259259,1,8.314893617,41950,536809.8,510151.9,22.7,90.36,4,1954.02,
62,Barisal,1954,3,36.7,20.5,56,65,1.085185185,1.4,8.131914894,41950,536809.8,510151.9,22.7,90.36,4,1954.03,
63,Barisal,1954,4,37.1,25.6,14,72,1.772222222,3,8.219148936,41950,536809.8,510151.9,22.7,90.36,4,1954.04,
64,Barisal,1954,5,37.1,26.3,70,74,1.703703704,3.8,7.046808511,41950,536809.8,510151.9,22.7,90.36,4,1954.05,
65,Barisal,1954,6,36,25.4,500,86,1.631481481,6.4,4.072340426,41950,536809.8,510151.9,22.7,90.36,4,1954.06,1
66,Barisal,1954,7,33,25.8,260,85,1.57037037,5.6,3.738297872,41950,536809.8,510151.9,22.7,90.36,4,1954.07,
67,Barisal,1954,8,33.8,26.4,360,87,1.32962963,6.6,4.272340426,41950,536809.8,510151.9,22.7,90.36,4,1954.08,
68,Barisal,1954,9,34.1,26.4,144,88,0.937037037,5.6,4.823404255,41950,536809.8,510151.9,22.7,90.36,4,1954.09,
69,Barisal,1954,10,33.2,23.7,169,86,0.490740741,4.3,7,41950,536809.8,510151.9,22.7,90.36,4,1954.1,
70,Barisal,1954,11,29.7,17.7,1,76,0.312962963,1,7.85106383,41950,536809.8,510151.9,22.7,90.36,4,1954.11,
71,Barisal,1954,12,29.3,15.2,6,78,0.337037037,2.1,7.725531915,41950,536809.8,510151.9,22.7,90.36,4,1954.12,
72,Barisal,1955,1,26.6,12.3,2,77,0.453703704,1,7.831914894,41950,536809.8,510151.9,22.7,90.36,4,1955.01,
73,Barisal,1955,2,30.5,15.2,8,75,0.659259259,1.5,8.314893617,41950,536809.8,510151.9,22.7,90.36,4,1955.02,
74,Barisal,1955,3,33.3,20.2,33,73,1.085185185,2.4,8.131914894,41950,536809.8,510151.9,22.7,90.36,4,1955.03,
75,Barisal,1955,4,34,23.9,85,78,1.772222222,3.7,8.219148936,41950,536809.8,510151.9,22.7,90.36,4,1955.04,
76,Barisal,1955,5,33.6,25,196,81,1.703703704,4.7,7.046808511,41950,536809.8,510151.9,22.7,90.36,4,1955.05,
77,Barisal,1955,6,32.9,25.7,406,87,1.631481481,6.2,4.072340426,41950,536809.8,510151.9,22.7,90.36,4,1955.06,1
78,Barisal,1955,7,31.2,25.6,414,88,1.57037037,6.5,3.738297872,41950,536809.8,510151.9,22.7,90.36,4,1955.07,1
79,Barisal,1955,8,31.4,25.7,349,88,1.32962963,6.4,4.272340426,41950,536809.8,510151.9,22.7,90.36,4,1955.08,1
80,Barisal,1955,9,32.5,25.5,275,87,0.937037037,5.6,4.823404255,41950,536809.8,510151.9,22.7,90.36,4,1955.09,
81,Barisal,1955,10,32,23.8,171,85,0.490740741,3.6,7,41950,536809.8,510151.9,22.7,90.36,4,1955.1,
82,Barisal,1955,11,30.7,18.8,35,80,0.312962963,2,7.85106383,41950,536809.8,510151.9,22.7,90.36,4,1955.11,
83,Barisal,1955,12,27.8,13.7,4,63,0.337037037,1,7.725531915,41950,536809.8,510151.9,22.7,90.36,4,1955.12,
84,Barisal,1956,1,29.4,14.3,17,74,0.453703704,0.4,7.831914894,41950,536809.8,510151.9,22.7,90.36,4,1956.01,
85,Barisal,1956,2,32.8,14.9,0,69,0.659259259,1.2,8.314893617,41950,536809.8,510151.9,22.7,90.36,4,1956.02,
86,Barisal,1956,3,36.7,21.5,20,72,1.085185185,1.8,8.131914894,41950,536809.8,510151.9,22.7,90.36,4,1956.03,
87,Barisal,1956,4,37.2,24.3,92,77,1.772222222,2.6,8.219148936,41950,536809.8,510151.9,22.7,90.36,4,1956.04,
88,Barisal,1956,5,34.4,26.2,343,83,1.703703704,5.6,7.046808511,41950,536809.8,510151.9,22.7,90.36,4,1956.05,1
89,Barisal,1956,6,32.2,25.2,784,87,1.631481481,6.3,4.072340426,41950,536809.8,510151.9,22.7,90.36,4,1956.06,1
90,Barisal,1956,7,33.8,25.8,319,86,1.57037037,5.7,3.738297872,41950,536809.8,510151.9,22.7,90.36,4,1956.07,1
91,Barisal,1956,8,33.3,26,497,87,1.32962963,5.6,4.272340426,41950,536809.8,510151.9,22.7,90.36,4,1956.08,1
92,Barisal,1956,9,33.4,25.7,700,85,0.937037037,4.8,4.823404255,41950,536809.8,510151.9,22.7,90.36,4,1956.09,1
93,Barisal,1956,10,33.8,24.5,184,84,0.490740741,3.3,7,41950,536809.8,510151.9,22.7,90.36,4,1956.1,
94,Barisal,1956,11,31.3,20,46,81,0.312962963,1.3,7.85106383,41950,536809.8,510151.9,22.7,90.36,4,1956.11,
95,Barisal,1956,12,29.5,14.9,0,79,0.337037037,0.2,7.725531915,41950,536809.8,510151.9,22.7,90.36,4,1956.12,
96,Barisal,1957,1,30.1,15.1,104,80,0.453703704,1,7.831914894,41950,536809.8,510151.9,22.7,90.36,4,1957.01,
97,Barisal,1957,2,30.6,16.3,13,80,0.659259259,1.6,8.314893617,41950,536809.8,510151.9,22.7,90.36,4,1957.02,
98,Barisal,1957,3,36.6,20,0,70,1.085185185,1.8,8.131914894,41950,536809.8,510151.9,22.7,90.36,4,1957.03,
99,Barisal,1957,4,37.3,24.9,1,85,1.772222222,2.3,8.219148936,41950,536809.8,510151.9,22.7,90.36,4,1957.04,
100,Barisal,1957,5,36.2,26.7,22,77,1.703703704,4.2,7.046808511,41950,536809.8,510151.9,22.7,90.36,4,1957.05,
101,Barisal,1957,6,35.5,26.5,244,83,1.631481481,5.3,4.072340426,41950,536809.8,510151.9,22.7,90.36,4,1957.06,
102,Barisal,1957,7,33.3,26,564,87,1.57037037,5.8,3.738297872,41950,536809.8,510151.9,22.7,90.36,4,1957.07,1
103,Barisal,1957,8,35.5,26.3,286,87,1.32962963,5.3,4.272340426,41950,536809.8,510151.9,22.7,90.36,4,1957.08,
104,Barisal,1957,9,34.4,26.3,216,86,0.937037037,5.3,4.823404255,41950,536809.8,510151.9,22.7,90.36,4,1957.09,
105,Barisal,1957,10,33.2,24.4,52,80,0.490740741,3.2,7,41950,536809.8,510151.9,22.7,90.36,4,1957.1,
106,Barisal,1957,11,30.7,18.5,0,73,0.312962963,0.9,7.85106383,41950,536809.8,510151.9,22.7,90.36,4,1957.11,
107,Barisal,1957,12,29.4,14.8,0,76,0.337037037,0.2,7.725531915,41950,536809.8,510151.9,22.7,90.36,4,1957.12,
108,Barisal,1958,1,31.1,15.5,0,77,0.453703704,1.7,7.831914894,41950,536809.8,510151.9,22.7,90.36,4,1958.01,
109,Barisal,1958,2,30.5,16.6,12,75,0.659259259,2.3,8.314893617,41950,536809.8,510151.9,22.7,90.36,4,1958.02,
110,Barisal,1958,3,33.6,16.5,51,73,1.085185185,2.4,8.131914894,41950,536809.8,510151.9,22.7,90.36,4,1958.03,
111,Barisal,1958,4,36.6,24.5,129,79,1.772222222,3,8.219148936,41950,536809.8,510151.9,22.7,90.36,4,1958.04,
112,Barisal,1958,5,36.1,26.2,289,83,1.703703704,4,7.046808511,41950,536809.8,510151.9,22.7,90.36,4,1958.05,1
113,Barisal,1958,6,35.5,27,171,84,1.631481481,4.9,4.072340426,41950,536809.8,510151.9,22.7,90.36,4,1958.06,
114,Barisal,1958,7,33.3,26.2,414,90,1.57037037,6,3.738297872,41950,536809.8,510151.9,22.7,90.36,4,1958.07,1
115,Barisal,1958,8,33.4,26.1,268,88,1.32962963,5.6,4.272340426,41950,536809.8,510151.9,22.7,90.36,4,1958.08,
116,Barisal,1958,9,34.4,26,321,85,0.937037037,5.4,4.823404255,41950,536809.8,510151.9,22.7,90.36,4,1958.09,1
117,Barisal,1958,10,33.8,25.5,208,86,0.490740741,3.3,7,41950,536809.8,510151.9,22.7,90.36,4,1958.1,
118,Barisal,1958,11,32.2,21.2,0,86,0.312962963,1.7,7.85106383,41950,536809.8,510151.9,22.7,90.36,4,1958.11,
119,Barisal,1958,12,28.8,16.7,0,78,0.337037037,0.8,7.725531915,41950,536809.8,510151.9,22.7,90.36,4,1958.12,
120,Barisal,1959,1,29.9,14.5,24,77,0.453703704,1.4,7.831914894,41950,536809.8,510151.9,22.7,90.36,4,1959.01,
121,Barisal,1959,2,30.5,15.6,5,80,0.659259259,1,8.314893617,41950,536809.8,510151.9,22.7,90.36,4,1959.02,
122,Barisal,1959,3,36.4,20.6,59,72,1.085185185,1.5,8.131914894,41950,536809.8,510151.9,22.7,90.36,4,1959.03,
123,Barisal,1959,4,37.2,24.9,59,74,1.772222222,3.2,8.219148936,41950,536809.8,510151.9,22.7,90.36,4,1959.04,
124,Barisal,1959,5,36.1,25.6,258,79,1.703703704,4.6,7.046808511,41950,536809.8,510151.9,22.7,90.36,4,1959.05,
125,Barisal,1959,6,34.6,25.8,377,85,1.631481481,5.4,4.072340426,41950,536809.8,510151.9,22.7,90.36,4,1959.06,1
126,Barisal,1959,7,33.8,25.8,751,87,1.57037037,6.5,3.738297872,41950,536809.8,510151.9,22.7,90.36,4,1959.07,1
127,Barisal,1959,8,32.7,25.8,621,87,1.32962963,6.1,4.272340426,41950,536809.8,510151.9,22.7,90.36,4,1959.08,1
128,Barisal,1959,9,33.8,25.3,608,91,0.937037037,5.7,4.823404255,41950,536809.8,510151.9,22.7,90.36,4,1959.09,1
129,Barisal,1959,10,32.3,24.3,475,87,0.490740741,4.4,7,41950,536809.8,510151.9,22.7,90.36,4,1959.1,1
130,Barisal,1959,11,29.9,18.5,0,79,0.312962963,0.6,7.85106383,41950,536809.8,510151.9,22.7,90.36,4,1959.11,
131,Barisal,1959,12,27.2,14.8,0,78,0.337037037,0.8,7.725531915,41950,536809.8,510151.9,22.7,90.36,4,1959.12,
132,Barisal,1960,1,27.3,12.8,0,71,0.3,1.3,7.831914894,41950,536809.8,510151.9,22.7,90.36,4,1960.01,
133,Barisal,1960,2,32.7,16.5,0,77,0.1,0.5,8.314893617,41950,536809.8,510151.9,22.7,90.36,4,1960.02,
134,Barisal,1960,3,34.9,19.6,36,69,0.6,1.8,8.131914894,41950,536809.8,510151.9,22.7,90.36,4,1960.03,
135,Barisal,1960,4,36.6,24.9,13,71,1,1.8,8.219148936,41950,536809.8,510151.9,22.7,90.36,4,1960.04,
136,Barisal,1960,5,37.2,26.4,324,76,1.1,4.2,7.046808511,41950,536809.8,510151.9,22.7,90.36,4,1960.05,1
137,Barisal,1960,6,34.4,26.5,433,84,0.6,5,4.072340426,41950,536809.8,510151.9,22.7,90.36,4,1960.06,1
138,Barisal,1960,7,32.8,25.5,716,89,0.4,6,3.738297872,41950,536809.8,510151.9,22.7,90.36,4,1960.07,1
139,Barisal,1960,8,33.6,26.6,823,88,0.4,6.2,4.272340426,41950,536809.8,510151.9,22.7,90.36,4,1960.08,1
140,Barisal,1960,9,34,25.9,650,88,0.3,5.4,4.823404255,41950,536809.8,510151.9,22.7,90.36,4,1960.09,1
141,Barisal,1960,10,33.8,24.1,316,80,1.6,2.5,7,41950,536809.8,510151.9,22.7,90.36,4,1960.1,1
142,Barisal,1960,11,31.7,18.8,79,74,0.3,1.3,7.85106383,41950,536809.8,510151.9,22.7,90.36,4,1960.11,
143,Barisal,1960,12,28.3,15.1,0,75,0.1,0.8,7.725531915,41950,536809.8,510151.9,22.7,90.36,4,1960.12,
144,Barisal,1961,1,28.8,14.5,8,73,0.2,1.7,7.831914894,41950,536809.8,510151.9,22.7,90.36,4,1961.01,
145,Barisal,1961,2,31.6,14.9,43,70,0.3,2.2,8.314893617,41950,536809.8,510151.9,22.7,90.36,4,1961.02,
146,Barisal,1961,3,34.4,22.8,51,79,0.9,2.9,8.131914894,41950,536809.8,510151.9,22.7,90.36,4,1961.03,
147,Barisal,1961,4,37.2,24.8,44,79,0.8,2.9,8.219148936,41950,536809.8,510151.9,22.7,90.36,4,1961.04,
148,Barisal,1961,5,36.6,25.5,303,81,1.2,3.6,7.046808511,41950,536809.8,510151.9,22.7,90.36,4,1961.05,1
149,Barisal,1961,6,36.1,25.7,553,86,0.5,5.9,4.072340426,41950,536809.8,510151.9,22.7,90.36,4,1961.06,1
150,Barisal,1961,7,34.4,26.2,244,83,0.5,5.6,3.738297872,41950,536809.8,510151.9,22.7,90.36,4,1961.07,
151,Barisal,1961,8,33.8,26,529,86,0.3,5.5,4.272340426,41950,536809.8,510151.9,22.7,90.36,4,1961.08,1
152,Barisal,1961,9,33.3,26,206,85,0.5,5.4,4.823404255,41950,536809.8,510151.9,22.7,90.36,4,1961.09,
153,Barisal,1961,10,33.3,24.6,108,82,0.3,3.2,7,41950,536809.8,510151.9,22.7,90.36,4,1961.1,
154,Barisal,1961,11,31.8,19.3,0,75,0.2,1.2,7.85106383,41950,536809.8,510151.9,22.7,90.36,4,1961.11,
155,Barisal,1961,12,26.6,12.6,0,82,0.2,0.2,7.725531915,41950,536809.8,510151.9,22.7,90.36,4,1961.12,
156,Barisal,1962,1,28.3,11.6,0,74,0.3,0.5,7.831914894,41950,536809.8,510151.9,22.7,90.36,4,1962.01,
157,Barisal,1962,2,31.6,16.2,44,70,0.2,2.1,8.314893617,41950,536809.8,510151.9,22.7,90.36,4,1962.02,
158,Barisal,1962,3,37.2,19.9,0,58,0.2,0.6,8.131914894,41950,536809.8,510151.9,22.7,90.36,4,1962.03,
159,Barisal,1962,4,36.6,24.6,1,72,1.6,2.7,8.219148936,41950,536809.8,510151.9,22.7,90.36,4,1962.04,
160,Barisal,1962,5,36.1,24.4,134,75,1.4,4.4,7.046808511,41950,536809.8,510151.9,22.7,90.36,4,1962.05,
161,Barisal,1962,6,34.8,25.7,325,84,1.4,6.5,4.072340426,41950,536809.8,510151.9,22.7,90.36,4,1962.06,1
162,Barisal,1962,7,34.4,26.6,421,84,1.2,5.7,3.738297872,41950,536809.8,510151.9,22.7,90.36,4,1962.07,1
163,Barisal,1962,8,35.6,26.2,229,87,0.9,5.8,4.272340426,41950,536809.8,510151.9,22.7,90.36,4,1962.08,
164,Barisal,1962,9,33.8,26.3,333,85,1.5,5.4,4.823404255,41950,536809.8,510151.9,22.7,90.36,4,1962.09,1
165,Barisal,1962,10,32.7,24.3,154,82,0.6,3.7,7,41950,536809.8,510151.9,22.7,90.36,4,1962.1,
166,Barisal,1962,11,30.5,18.9,262,75,0.1,0.6,7.85106383,41950,536809.8,510151.9,22.7,90.36,4,1962.11,
167,Barisal,1962,12,27.7,14.5,0,71,0.2,0.8,7.725531915,41950,536809.8,510151.9,22.7,90.36,4,1962.12,
168,Barisal,1963,1,27.7,12.2,0,67,0.2,0.5,7.831914894,41950,536809.8,510151.9,22.7,90.36,4,1963.01,
169,Barisal,1963,2,32.7,17.3,0,65,0.2,0.9,8.314893617,41950,536809.8,510151.9,22.7,90.36,4,1963.02,
170,Barisal,1963,3,36.6,20.2,260,61,0.6,1.4,8.131914894,41950,536809.8,510151.9,22.7,90.36,4,1963.03,
171,Barisal,1963,4,35.5,23.3,54,72,0.9,3.5,8.219148936,41950,536809.8,510151.9,22.7,90.36,4,1963.04,
172,Barisal,1963,5,34.9,24.6,252,87,0.9,4.7,7.046808511,41950,536809.8,510151.9,22.7,90.36,4,1963.05,
173,Barisal,1963,6,34.9,26.2,232,88,1.1,5.7,4.072340426,41950,536809.8,510151.9,22.7,90.36,4,1963.06,
174,Barisal,1963,7,32.7,26.2,372,87,0.7,5.6,3.738297872,41950,536809.8,510151.9,22.7,90.36,4,1963.07,1
175,Barisal,1963,8,36.1,26,234,87,0.7,5.5,4.272340426,41950,536809.8,510151.9,22.7,90.36,4,1963.08,
176,Barisal,1963,9,34.4,26.1,274,86,0.6,4.6,4.823404255,41950,536809.8,510151.9,22.7,90.36,4,1963.09,
177,Barisal,1963,10,33.4,24.6,385,86,0.5,3.4,7,41950,536809.8,510151.9,22.7,90.36,4,1963.1,1
178,Barisal,1963,11,31.1,19,0,78,0.2,1,7.85106383,41950,536809.8,510151.9,22.7,90.36,4,1963.11,
179,Barisal,1963,12,29.4,15.3,0,77,0.1,0.6,7.725531915,41950,536809.8,510151.9,22.7,90.36,4,1963.12,
180,Barisal,1964,1,26.6,12.3,0,77,0.4,0.9,7.831914894,41950,536809.8,510151.9,22.7,90.36,4,1964.01,
181,Barisal,1964,2,30.6,15.2,2,75,0.8,1.9,8.314893617,41950,536809.8,510151.9,22.7,90.36,4,1964.02,
182,Barisal,1964,3,33.3,20.2,3,73,1.2,2.2,8.131914894,41950,536809.8,510151.9,22.7,90.36,4,1964.03,
183,Barisal,1964,4,34,23.9,52,78,2.1,4.2,8.219148936,41950,536809.8,510151.9,22.7,90.36,4,1964.04,
184,Barisal,1964,5,33.6,25,47,81,1.6,4,7.046808511,41950,536809.8,510151.9,22.7,90.36,4,1964.05,
185,Barisal,1964,6,32.9,25.7,225,87,2.8,6.3,4.072340426,41950,536809.8,510151.9,22.7,90.36,4,1964.06,
186,Barisal,1964,7,31.2,25.6,318,88,1.9,7.2,3.738297872,41950,536809.8,510151.9,22.7,90.36,4,1964.07,1
187,Barisal,1964,8,31.4,25.7,254,88,2,6.9,4.272340426,41950,536809.8,510151.9,22.7,90.36,4,1964.08,
188,Barisal,1964,9,32.5,25.5,148,87,1,6.5,4.823404255,41950,536809.8,510151.9,22.7,90.36,4,1964.09,
189,Barisal,1964,10,32,23.8,214,85,0.9,5.5,7,41950,536809.8,510151.9,22.7,90.36,4,1964.1,
190,Barisal,1964,11,30.7,18.8,78,80,0.5,2.6,7.85106383,41950,536809.8,510151.9,22.7,90.36,4,1964.11,
191,Barisal,1964,12,27.8,13.7,0,63,0.2,1.3,7.725531915,41950,536809.8,510151.9,22.7,90.36,4,1964.12,
192,Barisal,1965,1,26.6,12.3,0,80,0.1,1.5,7.831914894,41950,536809.8,510151.9,22.7,90.36,4,1965.01,
193,Barisal,1965,2,30.5,15.2,44,76,0.5,1.8,8.314893617,41950,536809.8,510151.9,22.7,90.36,4,1965.02,
194,Barisal,1965,3,33.3,20.2,34,74,0.5,2.4,8.131914894,41950,536809.8,510151.9,22.7,90.36,4,1965.03,
195,Barisal,1965,4,34,23.9,53,79,1.2,5.1,8.219148936,41950,536809.8,510151.9,22.7,90.36,4,1965.04,
196,Barisal,1965,5,33.6,25,127,81,1.3,4.6,7.046808511,41950,536809.8,510151.9,22.7,90.36,4,1965.05,
197,Barisal,1965,6,32.9,25.7,407,87,1.8,7.1,4.072340426,41950,536809.8,510151.9,22.7,90.36,4,1965.06,1
198,Barisal,1965,7,31.2,25.6,185,89,2.2,7,3.738297872,41950,536809.8,510151.9,22.7,90.36,4,1965.07,
199,Barisal,1965,8,31.4,25.7,346,89,1.3,7,4.272340426,41950,536809.8,510151.9,22.7,90.36,4,1965.08,
200,Barisal,1965,9,32.5,25.5,179,88,1,6.4,4.823404255,41950,536809.8,510151.9,22.7,90.36,4,1965.09,
201,Barisal,1965,10,32,23.8,171,85,0.4,5,7,41950,536809.8,510151.9,22.7,90.36,4,1965.1,
202,Barisal,1965,11,30.7,18.8,1,80,0.2,1.9,7.85106383,41950,536809.8,510151.9,22.7,90.36,4,1965.11,
203,Barisal,1965,12,27.8,13.7,16,81,0.6,3.3,7.725531915,41950,536809.8,510151.9,22.7,90.36,4,1965.12,
204,Barisal,1966,1,26.6,12.3,19,82,0.5,2.7,7.831914894,41950,536809.8,510151.9,22.7,90.36,4,1966.01,
205,Barisal,1966,2,30.5,15.2,0,77,0.4,0.5,8.314893617,41950,536809.8,510151.9,22.7,90.36,4,1966.02,
206,Barisal,1966,3,33.3,20.2,0,77,1.1,3.2,8.131914894,41950,536809.8,510151.9,22.7,90.36,4,1966.03,
207,Barisal,1966,4,34,23.9,1,80,2,4.5,8.219148936,41950,536809.8,510151.9,22.7,90.36,4,1966.04,
208,Barisal,1966,5,33.6,25,175,79,1.6,3.9,7.046808511,41950,536809.8,510151.9,22.7,90.36,4,1966.05,
209,Barisal,1966,6,32.9,25.7,416,88,1.9,5.6,4.072340426,41950,536809.8,510151.9,22.7,90.36,4,1966.06,1
210,Barisal,1966,7,31.2,25.6,328,87,1.5,7.2,3.738297872,41950,536809.8,510151.9,22.7,90.36,4,1966.07,
211,Barisal,1966,8,31.4,25.7,434,90,1.2,7.8,4.272340426,41950,536809.8,510151.9,22.7,90.36,4,1966.08,1
212,Barisal,1966,9,32.7,25.7,311,88,1.5,6.8,4.823404255,41950,536809.8,510151.9,22.7,90.36,4,1966.09,
213,Barisal,1966,10,32,23.8,317,87,0.5,3.6,7,41950,536809.8,510151.9,22.7,90.36,4,1966.1,
214,Barisal,1966,11,30.7,18.8,26,82,0.2,2.9,7.85106383,41950,536809.8,510151.9,22.7,90.36,4,1966.11,
215,Barisal,1966,12,27.8,13.7,53,82,0.3,2.1,7.725531915,41950,536809.8,510151.9,22.7,90.36,4,1966.12,
216,Barisal,1967,1,26.6,12.3,42,78,0.4,2.7,8.1,41950,536809.8,510151.9,22.7,90.36,4,1967.01,
217,Barisal,1967,2,33.8,15.6,0,75,0.7,0.7,8.1,41950,536809.8,510151.9,22.7,90.36,4,1967.02,
218,Barisal,1967,3,33.4,19,92,76,1.2,3.3,7.5,41950,536809.8,510151.9,22.7,90.36,4,1967.03,
219,Barisal,1967,4,36.9,23,105,74,1.6,2.9,7.8,41950,536809.8,510151.9,22.7,90.36,4,1967.04,
220,Barisal,1967,5,35.8,25.3,71,80,2,4.3,7.3,41950,536809.8,510151.9,22.7,90.36,4,1967.05,
221,Barisal,1967,6,34.7,25.5,159,88,1.9,5.7,5.2,41950,536809.8,510151.9,22.7,90.36,4,1967.06,
222,Barisal,1967,7,32.9,24.3,292,91,1.5,6.6,4.1,41950,536809.8,510151.9,22.7,90.36,4,1967.07,
223,Barisal,1967,8,32.8,25.6,228,90,1.8,6.5,4.1,41950,536809.8,510151.9,22.7,90.36,4,1967.08,
224,Barisal,1967,9,33.5,25.2,547,90,1.5,6,3.6,41950,536809.8,510151.9,22.7,90.36,4,1967.09,1
225,Barisal,1967,10,32.8,22.7,342,83,0.6,2.7,7.2,41950,536809.8,510151.9,22.7,90.36,4,1967.1,
226,Barisal,1967,11,29.4,15.3,0,77,0.3,1,8.7,41950,536809.8,510151.9,22.7,90.36,4,1967.11,
227,Barisal,1967,12,28.1,13.1,0,75,0.4,1.6,8.1,41950,536809.8,510151.9,22.7,90.36,4,1967.12,
228,Barisal,1968,1,28.9,12.2,0,75,0.6,0.9,8,41950,536809.8,510151.9,22.7,90.36,4,1968.01,
229,Barisal,1968,2,31.1,15,14,73,0.7,1.9,8.1,41950,536809.8,510151.9,22.7,90.36,4,1968.02,
230,Barisal,1968,3,36.7,19.3,86,69,1.1,2.8,7.2,41950,536809.8,510151.9,22.7,90.36,4,1968.03,
231,Barisal,1968,4,35.9,23.4,64,77,1.8,4.1,7.8,41950,536809.8,510151.9,22.7,90.36,4,1968.04,
232,Barisal,1968,5,37.6,24.9,246,79,2.3,5.9,7.7,41950,536809.8,510151.9,22.7,90.36,4,1968.05,
233,Barisal,1968,6,32.5,24.7,847,90,1.2,7.1,2.3,41950,536809.8,510151.9,22.7,90.36,4,1968.06,1
234,Barisal,1968,7,35.2,25.5,422,89,1.8,7,3.6,41950,536809.8,510151.9,22.7,90.36,4,1968.07,1
235,Barisal,1968,8,36.1,25.5,331,89,1.1,6.8,2.7,41950,536809.8,510151.9,22.7,90.36,4,1968.08,1
236,Barisal,1968,9,37.7,25.8,159,86,1,6.1,5.3,41950,536809.8,510151.9,22.7,90.36,4,1968.09,
237,Barisal,1968,10,35,23.1,231,86,0.6,4.9,7.2,41950,536809.8,510151.9,22.7,90.36,4,1968.1,
238,Barisal,1968,11,30.8,18.1,12,80,0.3,3.2,7.9,41950,536809.8,510151.9,22.7,90.36,4,1968.11,
239,Barisal,1968,12,29.7,12.2,0,78,0.6,1.3,6.2,41950,536809.8,510151.9,22.7,90.36,4,1968.12,
240,Barisal,1969,1,27.9,10.6,0,74,0.6,1,8.3,41950,536809.8,510151.9,22.7,90.36,4,1969.01,
241,Barisal,1969,2,34.2,14.9,0,69,0.7,1.4,8.5,41950,536809.8,510151.9,22.7,90.36,4,1969.02,
242,Barisal,1969,3,35,20.9,107,77,1.2,3.6,7.8,41950,536809.8,510151.9,22.7,90.36,4,1969.03,
243,Barisal,1969,4,36.4,23.5,82,77,1.8,3.9,7.6,41950,536809.8,510151.9,22.7,90.36,4,1969.04,
244,Barisal,1969,5,35.8,25.1,55,77,0.9,4.7,7.8,41950,536809.8,510151.9,22.7,90.36,4,1969.05,
245,Barisal,1969,6,33.1,26.3,347,89,1.3,7.1,2.9,41950,536809.8,510151.9,22.7,90.36,4,1969.06,
246,Barisal,1969,7,31.9,25.5,487,91,1.5,6.9,4,41950,536809.8,510151.9,22.7,90.36,4,1969.07,1
247,Barisal,1969,8,33.2,25.4,546,91,1.2,7,2.8,41950,536809.8,510151.9,22.7,90.36,4,1969.08,1
248,Barisal,1969,9,34.3,26,366,87,1.3,5.6,5.9,41950,536809.8,510151.9,22.7,90.36,4,1969.09,1
249,Barisal,1969,10,33.8,23.7,45,84,0.4,3.7,8.7,41950,536809.8,510151.9,22.7,90.36,4,1969.1,
250,Barisal,1969,11,32.8,18.2,22,80,0.3,1.9,9,41950,536809.8,510151.9,22.7,90.36,4,1969.11,
251,Barisal,1969,12,28.1,12.9,0,78,0.5,1.6,9.2,41950,536809.8,510151.9,22.7,90.36,4,1969.12,
252,Barisal,1970,1,26.7,11.6,0,78,0.5,2.1,8.7,41950,536809.8,510151.9,22.7,90.36,4,1970.01,
253,Barisal,1970,2,31.6,15.3,24,74,0.6,2.1,8.9,41950,536809.8,510151.9,22.7,90.36,4,1970.02,
254,Barisal,1970,3,35.4,21.1,5,74,1.7,3.1,8.4,41950,536809.8,510151.9,22.7,90.36,4,1970.03,
255,Barisal,1970,4,35,24.3,91,80,2,3.6,8.6,41950,536809.8,510151.9,22.7,90.36,4,1970.04,
256,Barisal,1970,5,35.6,26.2,124,80,2.3,5.2,8,41950,536809.8,510151.9,22.7,90.36,4,1970.05,
257,Barisal,1970,6,33.7,25.6,408,89,2.3,6.7,3.9,41950,536809.8,510151.9,22.7,90.36,4,1970.06,1
258,Barisal,1970,7,34.4,25.7,530,90,1.8,6.7,3.4,41950,536809.8,510151.9,22.7,90.36,4,1970.07,1
259,Barisal,1970,8,33.3,25.9,317,88,1.3,6.3,5.2,41950,536809.8,510151.9,22.7,90.36,4,1970.08,
260,Barisal,1970,9,32.8,25.7,571,89,1.2,5.7,5.1,41950,536809.8,510151.9,22.7,90.36,4,1970.09,1
261,Barisal,1970,10,33.1,24,253,87,1.5,4.2,7.4,41950,536809.8,510151.9,22.7,90.36,4,1970.1,
262,Barisal,1970,11,31.2,18.5,90,80,0.8,2.6,8.5,41950,536809.8,510151.9,22.7,90.36,4,1970.11,
263,Barisal,1970,12,27.2,12.2,0,76,0.5,0.2,9.8,41950,536809.8,510151.9,22.7,90.36,4,1970.12,
264,Barisal,1971,1,27.9,13.2,7,77,0.4,1.9,8.6,41950,536809.8,510151.9,22.7,90.36,4,1971.01,
265,Barisal,1971,2,31.4,14.7,1,75,0.6,1.7,8.4,41950,536809.8,510151.9,22.7,90.36,4,1971.02,
266,Barisal,1971,3,34.7,18.7,6,73,0.9,1.2,8.8,41950,536809.8,510151.9,22.7,90.36,4,1971.03,
267,Barisal,1971,4,34.1,23.6,138,78,1.4,4.6,8.3,41950,536809.8,510151.9,22.7,90.36,4,1971.04,
268,Barisal,1971,5,35.2,24,286,81,1.5,5,7.1,41950,536809.8,510151.9,22.7,90.36,4,1971.05,
269,Barisal,1971,6,32.8,25.4,503,87,3.1,6.9,4.1,41950,536809.8,510151.9,22.7,90.36,4,1971.06,1
270,Barisal,1971,7,32.8,25.7,250,88,3.1,7.1,3.7,41950,536809.8,510151.9,22.7,90.36,4,1971.07,
271,Barisal,1971,8,31.4,25.2,351,88,1.7,6.8,4.3,41950,536809.8,510151.9,22.7,90.36,4,1971.08,1
272,Barisal,1971,9,33.9,25.5,394,87,1.8,5.7,4.9,41950,536809.8,510151.9,22.7,90.36,4,1971.09,1
273,Barisal,1971,10,33.4,24.5,152,85,1.3,5.3,7.2,41950,536809.8,510151.9,22.7,90.36,4,1971.1,
274,Barisal,1971,11,30.1,17.7,114,80,1,2.3,9.3,41950,536809.8,510151.9,22.7,90.36,4,1971.11,
275,Barisal,1971,12,28.6,13.4,0,63,0.9,1.7,9.2,41950,536809.8,510151.9,22.7,90.36,4,1971.12,
276,Barisal,1972,1,28.3,12.1,0,77,0.5,0.7,10.1,41950,536809.8,510151.9,22.7,90.36,4,1972.01,
277,Barisal,1972,2,31.4,13.3,58,74,1.1,1.8,9.6,41950,536809.8,510151.9,22.7,90.36,4,1972.02,
278,Barisal,1972,3,35,20.4,0,72,1.3,2.2,10.2,41950,536809.8,510151.9,22.7,90.36,4,1972.03,
279,Barisal,1972,4,37.2,23.7,121,77,2,4.1,10.5,41950,536809.8,510151.9,22.7,90.36,4,1972.04,
280,Barisal,1972,5,36.1,26.1,130,81,2.8,4.3,8.9,41950,536809.8,510151.9,22.7,90.36,4,1972.05,
281,Barisal,1972,6,36.4,26.1,262,85,1.8,5.9,6.3,41950,536809.8,510151.9,22.7,90.36,4,1972.06,
282,Barisal,1972,7,35.1,26.2,248,88,1.7,6.4,4.8,41950,536809.8,510151.9,22.7,90.36,4,1972.07,
283,Barisal,1972,8,33.4,25.1,458,90,1.6,6.7,4.4,41950,536809.8,510151.9,22.7,90.36,4,1972.08,1
284,Barisal,1972,9,34.7,26,90,84,0.6,5.2,8.1,41950,536809.8,510151.9,22.7,90.36,4,1972.09,
285,Barisal,1972,10,33.9,23.3,29,84,0.3,3,8.8,41950,536809.8,510151.9,22.7,90.36,4,1972.1,
286,Barisal,1972,11,32.6,18.4,0,78,0.3,2.3,9.6,41950,536809.8,510151.9,22.7,90.36,4,1972.11,
287,Barisal,1972,12,30.9,13.6,0,77,0.5,0.8,10.2,41950,536809.8,510151.9,22.7,90.36,4,1972.12,
288,Barisal,1973,1,31.7,12.6,0,73,0.5,0.4,9.9,41950,536809.8,510151.9,22.7,90.36,4,1973.01,
289,Barisal,1973,2,33.5,16.3,12,72,1.1,1.9,9.7,41950,536809.8,510151.9,22.7,90.36,4,1973.02,
290,Barisal,1973,3,36.4,19.1,81,74,0.7,1.7,9.4,41950,536809.8,510151.9,22.7,90.36,4,1973.03,
291,Barisal,1973,4,36,25.2,42,79,2.6,3.7,9.6,41950,536809.8,510151.9,22.7,90.36,4,1973.04,
292,Barisal,1973,5,34.4,24.4,508,86,1.7,5.3,6.7,41950,536809.8,510151.9,22.7,90.36,4,1973.05,1
293,Barisal,1973,6,33.9,25.7,502,88,1.3,6.3,4.5,41950,536809.8,510151.9,22.7,90.36,4,1973.06,1
294,Barisal,1973,7,32.8,25.7,392,90,2.4,6.4,5.6,41950,536809.8,510151.9,22.7,90.36,4,1973.07,1
295,Barisal,1973,8,32.5,25.7,266,91,1.7,6.8,5.3,41950,536809.8,510151.9,22.7,90.36,4,1973.08,1
296,Barisal,1973,9,35.6,25.4,398,91,0.9,6.3,3.9,41950,536809.8,510151.9,22.7,90.36,4,1973.09,1
297,Barisal,1973,10,33.3,24.4,308,86,0.7,4.1,6.8,41950,536809.8,510151.9,22.7,90.36,4,1973.1,1
298,Barisal,1973,11,30.6,19.2,171,87,0.9,3.2,7.4,41950,536809.8,510151.9,22.7,90.36,4,1973.11,
299,Barisal,1973,12,26.7,14,197,82,0.7,1.5,9.7,41950,536809.8,510151.9,22.7,90.36,4,1973.12,
300,Barisal,1974,1,27.2,11.7,2,77,0.3,0.3,10.3,41950,536809.8,510151.9,22.7,90.36,4,1974.01,
301,Barisal,1974,2,34.2,14.1,0,70,0.7,0.4,10.8,41950,536809.8,510151.9,22.7,90.36,4,1974.02,
302,Barisal,1974,3,35.6,21,149,77,1.5,2.8,8.7,41950,536809.8,510151.9,22.7,90.36,4,1974.03,
303,Barisal,1974,4,35,23.4,187,82,2.2,4,10.3,41950,536809.8,510151.9,22.7,90.36,4,1974.04,
304,Barisal,1974,5,35.6,24.3,265,82,2.3,4.6,7.6,41950,536809.8,510151.9,22.7,90.36,4,1974.05,
305,Barisal,1974,6,34.4,25.3,289,88,1.7,6.6,5,41950,536809.8,510151.9,22.7,90.36,4,1974.06,1
306,Barisal,1974,7,32.8,24.9,684,93,1.5,7.3,2.5,41950,536809.8,510151.9,22.7,90.36,4,1974.07,1
307,Barisal,1974,8,32.8,25.9,238,93,1.9,6.4,4.4,41950,536809.8,510151.9,22.7,90.36,4,1974.08,
308,Barisal,1974,9,33.3,24.4,361,89,1,5.4,4.6,41950,536809.8,510151.9,22.7,90.36,4,1974.09,1
309,Barisal,1974,10,35,25,153,87,0.4,4,7.7,41950,536809.8,510151.9,22.7,90.36,4,1974.1,
310,Barisal,1974,11,32.1,20.6,18,83,0.6,2.9,7.8,41950,536809.8,510151.9,22.7,90.36,4,1974.11,
311,Barisal,1974,12,27.2,12.4,0,78,0.4,0.1,10.4,41950,536809.8,510151.9,22.7,90.36,4,1974.12,
312,Barisal,1975,1,27.5,11.2,1,77,0.6,0.7,10.2,41950,536809.8,510151.9,22.7,90.36,4,1975.01,
313,Barisal,1975,2,32.2,14.6,1,75,0.6,1,10.1,41950,536809.8,510151.9,22.7,90.36,4,1975.02,
314,Barisal,1975,3,33.3,20.2,33,73,1,2.4,10.5,41950,536809.8,510151.9,22.7,90.36,4,1975.03,
315,Barisal,1975,4,34,23.9,85,78,1.6,3.7,9.9,41950,536809.8,510151.9,22.7,90.36,4,1975.04,
316,Barisal,1975,5,35,24.4,230,81,1.8,4.1,8.2,41950,536809.8,510151.9,22.7,90.36,4,1975.05,
317,Barisal,1975,6,33.9,25.5,353,87,1.2,5.2,5.8,41950,536809.8,510151.9,22.7,90.36,4,1975.06,1
318,Barisal,1975,7,32.2,24.6,321,88,1.6,6.4,3.7,41950,536809.8,510151.9,22.7,90.36,4,1975.07,1
319,Barisal,1975,8,35,25.5,351,88,1.5,6.6,6,41950,536809.8,510151.9,22.7,90.36,4,1975.08,1
320,Barisal,1975,9,32.5,25.5,275,87,0.8,5.6,5.1,41950,536809.8,510151.9,22.7,90.36,4,1975.09,
321,Barisal,1975,10,33.9,22,154,85,0.1,4.4,6,41950,536809.8,510151.9,22.7,90.36,4,1975.1,
322,Barisal,1975,11,30.6,17.3,44,80,0.4,2.7,7.7,41950,536809.8,510151.9,22.7,90.36,4,1975.11,
323,Barisal,1975,12,27.2,11,0,63,0.2,0.2,8.1,41950,536809.8,510151.9,22.7,90.36,4,1975.12,
324,Barisal,1976,1,31.1,11.7,0,77,0.2,0.3,8.1,41950,536809.8,510151.9,22.7,90.36,4,1976.01,
325,Barisal,1976,2,32.5,14.8,20,79,0.5,1.4,8.4,41950,536809.8,510151.9,22.7,90.36,4,1976.02,
326,Barisal,1976,3,35.6,21.5,2,78,1.3,1.6,8.2,41950,536809.8,510151.9,22.7,90.36,4,1976.03,
327,Barisal,1976,4,37.2,23.9,100,77,1.8,3.1,8.3,41950,536809.8,510151.9,22.7,90.36,4,1976.04,
328,Barisal,1976,5,37.2,24.1,164,83,1.2,4.8,8.7,41950,536809.8,510151.9,22.7,90.36,4,1976.05,
329,Barisal,1976,6,34.2,24.7,330,87,1.2,6.6,4.3,41950,536809.8,510151.9,22.7,90.36,4,1976.06,1
330,Barisal,1976,7,33.2,24.6,350,89,1.6,6.8,4.6,41950,536809.8,510151.9,22.7,90.36,4,1976.07,1
331,Barisal,1976,8,34.7,23.8,379,90,1.1,6.7,4,41950,536809.8,510151.9,22.7,90.36,4,1976.08,1
332,Barisal,1976,9,32.8,25.1,305,87,1.2,5.2,4.9,41950,536809.8,510151.9,22.7,90.36,4,1976.09,
333,Barisal,1976,10,33.9,23.1,147,84,0.5,2.6,7.2,41950,536809.8,510151.9,22.7,90.36,4,1976.1,
334,Barisal,1976,11,32.8,20.3,23,83,0.3,2.2,7.9,41950,536809.8,510151.9,22.7,90.36,4,1976.11,
335,Barisal,1976,12,29.6,12.3,25,76,0.3,0.6,8.1,41950,536809.8,510151.9,22.7,90.36,4,1976.12,
336,Barisal,1977,1,28.3,11.1,9,75,0.4,0.6,9.3,41950,536809.8,510151.9,22.7,90.36,4,1977.01,
337,Barisal,1977,2,31.4,13.5,36,74,0.7,1.4,9.3,41950,536809.8,510151.9,22.7,90.36,4,1977.02,
338,Barisal,1977,3,34.9,21.3,0,75,1.3,1.9,8.3,41950,536809.8,510151.9,22.7,90.36,4,1977.03,
339,Barisal,1977,4,34.7,23.7,307,83,2.3,5,6.9,41950,536809.8,510151.9,22.7,90.36,4,1977.04,1
340,Barisal,1977,5,33.7,24.4,157,84,1.7,5.1,4.3,41950,536809.8,510151.9,22.7,90.36,4,1977.05,
341,Barisal,1977,6,34.4,25.6,557,89,1.7,6.2,3.4,41950,536809.8,510151.9,22.7,90.36,4,1977.06,1
342,Barisal,1977,7,33.2,26,299,90,1.4,6.3,3.6,41950,536809.8,510151.9,22.7,90.36,4,1977.07,1
343,Barisal,1977,8,33.4,26.1,138,88,1.3,6.2,5.2,41950,536809.8,510151.9,22.7,90.36,4,1977.08,
344,Barisal,1977,9,34.7,25.9,237,87,0.8,4.9,4.7,41950,536809.8,510151.9,22.7,90.36,4,1977.09,
345,Barisal,1977,10,33.3,23,69,84,0.3,3.1,8.3,41950,536809.8,510151.9,22.7,90.36,4,1977.1,
346,Barisal,1977,11,31.7,19.9,53,82,0.2,2.8,8.2,41950,536809.8,510151.9,22.7,90.36,4,1977.11,
347,Barisal,1977,12,29.4,13.7,0,77,0.2,1,8.3,41950,536809.8,510151.9,22.7,90.36,4,1977.12,
348,Barisal,1978,1,27.8,10.7,0,72,0.3,0.4,8.1,41950,536809.8,510151.9,22.7,90.36,4,1978.01,
349,Barisal,1978,2,31.4,14.2,0,68,0.3,1.1,8.4,41950,536809.8,510151.9,22.7,90.36,4,1978.02,
350,Barisal,1978,3,36.9,18.5,14,65,0.5,1.7,8.2,41950,536809.8,510151.9,22.7,90.36,4,1978.03,
351,Barisal,1978,4,35,22.2,242,78,1.1,3.3,8.3,41950,536809.8,510151.9,22.7,90.36,4,1978.04,
352,Barisal,1978,5,35.6,24.1,387,82,1.6,5,7.1,41950,536809.8,510151.9,22.7,90.36,4,1978.05,1
353,Barisal,1978,6,33.3,25.8,631,87,1.6,5.9,4.1,41950,536809.8,510151.9,22.7,90.36,4,1978.06,1
354,Barisal,1978,7,33.9,25.6,409,87,1.3,5.8,3.7,41950,536809.8,510151.9,22.7,90.36,4,1978.07,1
355,Barisal,1978,8,34.4,25.8,403,87,1.5,6,4.3,41950,536809.8,510151.9,22.7,90.36,4,1978.08,1
356,Barisal,1978,9,33.3,25.1,300,89,0.8,5.3,4.9,41950,536809.8,510151.9,22.7,90.36,4,1978.09,1
357,Barisal,1978,10,35.1,24.5,127,83,0.4,3.5,7.2,41950,536809.8,510151.9,22.7,90.36,4,1978.1,
358,Barisal,1978,11,32.9,19.4,3,78,0.4,1.3,7.9,41950,536809.8,510151.9,22.7,90.36,4,1978.11,
359,Barisal,1978,12,30.3,12.5,0,76,0.3,0.6,8.1,41950,536809.8,510151.9,22.7,90.36,4,1978.12,
360,Barisal,1979,1,30.6,12,1,75,0.3,0.6,8.8,41950,536809.8,510151.9,22.7,90.36,4,1979.01,
361,Barisal,1979,2,32.2,13.7,14,70,0.5,1.2,9.5,41950,536809.8,510151.9,22.7,90.36,4,1979.02,
362,Barisal,1979,3,35.6,19.2,30,66,1.2,1.9,8.8,41950,536809.8,510151.9,22.7,90.36,4,1979.03,
363,Barisal,1979,4,37.5,24.1,38,75,1.1,2.2,9.2,41950,536809.8,510151.9,22.7,90.36,4,1979.04,
364,Barisal,1979,5,37.2,26.1,67,77,1.6,2.9,10,41950,536809.8,510151.9,22.7,90.36,4,1979.05,
365,Barisal,1979,6,37.3,26.1,453,87,1.8,5.5,5.4,41950,536809.8,510151.9,22.7,90.36,4,1979.06,1
366,Barisal,1979,7,34.4,26,559,88,1.6,5.6,5.1,41950,536809.8,510151.9,22.7,90.36,4,1979.07,1
367,Barisal,1979,8,34.4,25.9,642,90,1.5,6.1,5.7,41950,536809.8,510151.9,22.7,90.36,4,1979.08,1
368,Barisal,1979,9,35.6,25.8,316,88,0.7,4.9,5.7,41950,536809.8,510151.9,22.7,90.36,4,1979.09,
369,Barisal,1979,10,33.3,23.8,127,83,0.5,2.4,8.8,41950,536809.8,510151.9,22.7,90.36,4,1979.1,
370,Barisal,1979,11,33.3,21.2,31,81,0.3,1.9,8.1,41950,536809.8,510151.9,22.7,90.36,4,1979.11,
371,Barisal,1979,12,28.4,14.8,47,80,0.3,0.9,9,41950,536809.8,510151.9,22.7,90.36,4,1979.12,
372,Barisal,1980,1,29.5,11.8,0,75,0.4,0.5,9,41950,536809.8,510151.9,22.7,90.36,4,1980.01,
373,Barisal,1980,2,32,14.1,55,75,0.4,1.5,9,41950,536809.8,510151.9,22.7,90.36,4,1980.02,
374,Barisal,1980,3,34.5,19.4,47,75,0.9,2.6,8.8,41950,536809.8,510151.9,22.7,90.36,4,1980.03,
375,Barisal,1980,4,37,25.3,13,75,2,3.4,9.2,41950,536809.8,510151.9,22.7,90.36,4,1980.04,
376,Barisal,1980,5,35.8,24.1,235,82,1.8,4.5,6.9,41950,536809.8,510151.9,22.7,90.36,4,1980.05,
377,Barisal,1980,6,34.6,25.9,272,88,1.6,5.9,4.5,41950,536809.8,510151.9,22.7,90.36,4,1980.06,1
378,Barisal,1980,7,33.4,26.2,526,91,1.5,6.1,4,41950,536809.8,510151.9,22.7,90.36,4,1980.07,1
379,Barisal,1980,8,34.7,26.2,297,89,1.3,5.6,4.7,41950,536809.8,510151.9,22.7,90.36,4,1980.08,1
380,Barisal,1980,9,34.1,26.2,192,87,0.8,5.3,6.1,41950,536809.8,510151.9,22.7,90.36,4,1980.09,
381,Barisal,1980,10,33.8,23.4,282,88,0.5,2.9,6.2,41950,536809.8,510151.9,22.7,90.36,4,1980.1,1
382,Barisal,1980,11,32.2,17.5,0,77,0.3,0.8,10,41950,536809.8,510151.9,22.7,90.36,4,1980.11,
383,Barisal,1980,12,28.3,13.9,0,76,0.4,1.6,7.1,41950,536809.8,510151.9,22.7,90.36,4,1980.12,
384,Barisal,1981,1,28,13.1,24,79,0.6,1.6,8.4,41950,536809.8,510151.9,22.7,90.36,4,1981.01,
385,Barisal,1981,2,33.1,15.7,43,76,0.5,1.5,7.8,41950,536809.8,510151.9,22.7,90.36,4,1981.02,
386,Barisal,1981,3,33.5,19.5,115,77,1,3.6,6.6,41950,536809.8,510151.9,22.7,90.36,4,1981.03,
387,Barisal,1981,4,34,22.7,412,84,1.3,4.4,7.4,41950,536809.8,510151.9,22.7,90.36,4,1981.04,1
388,Barisal,1981,5,33.9,24.1,280,84,1.1,5.2,6.6,41950,536809.8,510151.9,22.7,90.36,4,1981.05,1
389,Barisal,1981,6,35,25.8,433,85,1.1,5.6,4.3,41950,536809.8,510151.9,22.7,90.36,4,1981.06,1
390,Barisal,1981,7,32.1,25.3,521,91,1,6.3,2.5,41950,536809.8,510151.9,22.7,90.36,4,1981.07,1
391,Barisal,1981,8,33.3,25.8,217,88,1.4,5.7,4.7,41950,536809.8,510151.9,22.7,90.36,4,1981.08,
392,Barisal,1981,9,35,25.4,173,86,0.7,5,5.3,41950,536809.8,510151.9,22.7,90.36,4,1981.09,
393,Barisal,1981,10,33.3,23.2,71,81,0.2,2.1,8.1,41950,536809.8,510151.9,22.7,90.36,4,1981.1,
394,Barisal,1981,11,32.8,17.6,0,76,0.3,1.2,8.9,41950,536809.8,510151.9,22.7,90.36,4,1981.11,
395,Barisal,1981,12,28.7,13,33,76,0.6,2.1,7.5,41950,536809.8,510151.9,22.7,90.36,4,1981.12,
396,Barisal,1982,1,29.8,12.4,0,74,0.2,0.4,8.1,41950,536809.8,510151.9,22.7,90.36,4,1982.01,
397,Barisal,1982,2,30.6,16.2,57,76,0.3,2.2,8.3,41950,536809.8,510151.9,22.7,90.36,4,1982.02,
398,Barisal,1982,3,35.2,19.3,17,71,0.6,2.4,9.6,41950,536809.8,510151.9,22.7,90.36,4,1982.03,
399,Barisal,1982,4,34.4,22.6,178,79,1.7,4.3,9.4,41950,536809.8,510151.9,22.7,90.36,4,1982.04,
400,Barisal,1982,5,37,25.9,65,76,1,2.7,9.2,41950,536809.8,510151.9,22.7,90.36,4,1982.05,
401,Barisal,1982,6,37.8,25.6,465,87,1.1,5.9,3.9,41950,536809.8,510151.9,22.7,90.36,4,1982.06,1
402,Barisal,1982,7,34,26.2,223,86,1.3,5.5,5.3,41950,536809.8,510151.9,22.7,90.36,4,1982.07,
403,Barisal,1982,8,32.1,25.3,593,89,1.7,6.3,4.3,41950,536809.8,510151.9,22.7,90.36,4,1982.08,1
404,Barisal,1982,9,33.9,25.3,219,84,0.9,4.7,7,41950,536809.8,510151.9,22.7,90.36,4,1982.09,
405,Barisal,1982,10,34,23.1,6,80,0.3,1.9,8.4,41950,536809.8,510151.9,22.7,90.36,4,1982.1,
406,Barisal,1982,11,32.7,17.1,34,78,0.3,1.5,7.8,41950,536809.8,510151.9,22.7,90.36,4,1982.11,
407,Barisal,1982,12,28.2,12,11,76,0.3,0.5,8.3,41950,536809.8,510151.9,22.7,90.36,4,1982.12,
408,Barisal,1983,1,28.2,11.9,8,77,0.3,1.2,7.7,41950,536809.8,510151.9,22.7,90.36,4,1983.01,
409,Barisal,1983,2,31.4,14.4,39,73,0.6,2.4,7.7,41950,536809.8,510151.9,22.7,90.36,4,1983.02,
410,Barisal,1983,3,35.3,21.2,18,76,1.4,2.6,8.4,41950,536809.8,510151.9,22.7,90.36,4,1983.03,
411,Barisal,1983,4,36.7,23,92,76,2,3.1,9.1,41950,536809.8,510151.9,22.7,90.36,4,1983.04,
412,Barisal,1983,5,35.9,24.2,318,81,1.5,4.3,8.4,41950,536809.8,510151.9,22.7,90.36,4,1983.05,1
413,Barisal,1983,6,34.8,25.8,292,86,1.3,5.6,5.1,41950,536809.8,510151.9,22.7,90.36,4,1983.06,1
414,Barisal,1983,7,34.2,26,399,86,1.3,6.1,3.7,41950,536809.8,510151.9,22.7,90.36,4,1983.07,1
415,Barisal,1983,8,33.5,25.9,575,89,1.3,6.2,3.7,41950,536809.8,510151.9,22.7,90.36,4,1983.08,1
416,Barisal,1983,9,34.3,25.6,312,91,0.9,5.9,5.5,41950,536809.8,510151.9,22.7,90.36,4,1983.09,1
417,Barisal,1983,10,34.6,23.8,192,92,0.4,3.8,6.9,41950,536809.8,510151.9,22.7,90.36,4,1983.1,
418,Barisal,1983,11,33.8,19,48,84,0.3,2.3,8.1,41950,536809.8,510151.9,22.7,90.36,4,1983.11,
419,Barisal,1983,12,28.4,12.8,19,83,0.3,1.4,8.1,41950,536809.8,510151.9,22.7,90.36,4,1983.12,
420,Barisal,1984,1,27.6,11.7,16,83,0.3,1.4,8.2,41950,536809.8,510151.9,22.7,90.36,4,1984.01,
421,Barisal,1984,2,32.6,13.4,0,77,0.5,1.8,8.4,41950,536809.8,510151.9,22.7,90.36,4,1984.02,
422,Barisal,1984,3,36.6,19.7,1,74,1.1,1.6,8.2,41950,536809.8,510151.9,22.7,90.36,4,1984.03,
423,Barisal,1984,4,36.3,23.8,102,82,1.8,4,7.8,41950,536809.8,510151.9,22.7,90.36,4,1984.04,
424,Barisal,1984,5,34.8,25.2,283,85,2,5.9,7,41950,536809.8,510151.9,22.7,90.36,4,1984.05,1
425,Barisal,1984,6,35.6,25.3,1025,90,1.3,7.2,3.7,41950,536809.8,510151.9,22.7,90.36,4,1984.06,1
426,Barisal,1984,7,32.8,24.9,448,90,1.3,6.9,4.2,41950,536809.8,510151.9,22.7,90.36,4,1984.07,1
427,Barisal,1984,8,35.2,25.6,431,90,1.1,7.1,3.5,41950,536809.8,510151.9,22.7,90.36,4,1984.08,1
428,Barisal,1984,9,34,25.1,224,88,0.8,5.1,5.8,41950,536809.8,510151.9,22.7,90.36,4,1984.09,1
429,Barisal,1984,10,34,24.4,118,89,0.5,4.2,6.7,41950,536809.8,510151.9,22.7,90.36,4,1984.1,
430,Barisal,1984,11,31.5,16.6,0,83,0.2,0.9,8.3,41950,536809.8,510151.9,22.7,90.36,4,1984.11,
431,Barisal,1984,12,29.5,13,1,84,0.4,1.4,8.1,41950,536809.8,510151.9,22.7,90.36,4,1984.12,
432,Barisal,1985,1,30.2,12.6,1,84,0.2,1.4,7.5,41950,536809.8,510151.9,22.7,90.36,4,1985.01,
433,Barisal,1985,2,31.4,14.3,2,77,0.6,1.1,8.6,41950,536809.8,510151.9,22.7,90.36,4,1985.02,
434,Barisal,1985,3,36.7,22.4,45,81,1.8,3.6,7.5,41950,536809.8,510151.9,22.7,90.36,4,1985.03,
435,Barisal,1985,4,36.6,24.6,64,81,1.9,4.7,8.4,41950,536809.8,510151.9,22.7,90.36,4,1985.04,
436,Barisal,1985,5,35,24.2,226,88,1.7,5.1,7.9,41950,536809.8,510151.9,22.7,90.36,4,1985.05,1
437,Barisal,1985,6,36.2,25.8,322,91,1.5,6.3,3.9,41950,536809.8,510151.9,22.7,90.36,4,1985.06,1
438,Barisal,1985,7,34.5,25.3,291,93,1.5,6.8,3.3,41950,536809.8,510151.9,22.7,90.36,4,1985.07,1
439,Barisal,1985,8,35,25.9,308,90,1.5,6.7,5.2,41950,536809.8,510151.9,22.7,90.36,4,1985.08,1
440,Barisal,1985,9,34.6,25.4,180,90,1,5.9,5.1,41950,536809.8,510151.9,22.7,90.36,4,1985.09,
441,Barisal,1985,10,34.5,22.8,198,86,0.5,2.5,8.6,41950,536809.8,510151.9,22.7,90.36,4,1985.1,
442,Barisal,1985,11,32,17.6,8,85,0.3,1.6,8.3,41950,536809.8,510151.9,22.7,90.36,4,1985.11,
443,Barisal,1985,12,30,13.4,0,84,0.2,0.7,8.4,41950,536809.8,510151.9,22.7,90.36,4,1985.12,
444,Barisal,1986,1,29.5,11.5,6,86,0.3,1.4,7.1,41950,536809.8,510151.9,22.7,90.36,4,1986.01,
445,Barisal,1986,2,32,14.7,0,81,0.3,1.5,8.6,41950,536809.8,510151.9,22.7,90.36,4,1986.02,
446,Barisal,1986,3,38.4,20.4,7,75,0.8,1.2,8.4,41950,536809.8,510151.9,22.7,90.36,4,1986.03,
447,Barisal,1986,4,35.4,23.2,102,80,1.7,4.5,8,41950,536809.8,510151.9,22.7,90.36,4,1986.04,
448,Barisal,1986,5,36.8,23.7,181,83,0.7,3.7,8.3,41950,536809.8,510151.9,22.7,90.36,4,1986.05,
449,Barisal,1986,6,36,25.9,254,87,1.3,5.7,4.9,41950,536809.8,510151.9,22.7,90.36,4,1986.06,1
450,Barisal,1986,7,35.5,25.2,381,91,0.8,6.4,3.9,41950,536809.8,510151.9,22.7,90.36,4,1986.07,1
451,Barisal,1986,8,35.2,26,252,87,0.8,5.9,5,41950,536809.8,510151.9,22.7,90.36,4,1986.08,1
452,Barisal,1986,9,35,24.8,526,92,0.6,6.1,3.4,41950,536809.8,510151.9,22.7,90.36,4,1986.09,1
453,Barisal,1986,10,33,22.7,135,88,0.2,3.3,7.6,41950,536809.8,510151.9,22.7,90.36,4,1986.1,
454,Barisal,1986,11,33.5,19.3,274,88,0.2,2.7,7.3,41950,536809.8,510151.9,22.7,90.36,4,1986.11,1
455,Barisal,1986,12,29.5,14.3,1,88,0.1,1.4,8.1,41950,536809.8,510151.9,22.7,90.36,4,1986.12,
456,Barisal,1987,1,29.2,12,4,84,0.3,0.6,8.6,41950,536809.8,510151.9,22.7,90.36,4,1987.01,
457,Barisal,1987,2,33.3,14.8,3,80,0.2,1.4,8.1,41950,536809.8,510151.9,22.7,90.36,4,1987.02,
458,Barisal,1987,3,37.2,19.9,8,77,0.9,2.9,8,41950,536809.8,510151.9,22.7,90.36,4,1987.03,
459,Barisal,1987,4,37.5,23.7,150,82,1.5,4.2,7.7,41950,536809.8,510151.9,22.7,90.36,4,1987.04,
460,Barisal,1987,5,36.6,24.6,96,82,0.9,3.7,8.4,41950,536809.8,510151.9,22.7,90.36,4,1987.05,
461,Barisal,1987,6,39.6,26.6,275,85,1.5,5.7,5.1,41950,536809.8,510151.9,22.7,90.36,4,1987.06,1
462,Barisal,1987,7,33.8,25.4,568,94,0.9,7,1.8,41950,536809.8,510151.9,22.7,90.36,4,1987.07,1
463,Barisal,1987,8,34,25.4,683,90,0.9,6.4,3.6,41950,536809.8,510151.9,22.7,90.36,4,1987.08,1
464,Barisal,1987,9,34,26,302,89,0.6,6,4,41950,536809.8,510151.9,22.7,90.36,4,1987.09,1
465,Barisal,1987,10,34.2,23.7,93,86,0.1,2.1,8.5,41950,536809.8,510151.9,22.7,90.36,4,1987.1,
466,Barisal,1987,11,32.5,19.6,37,84,0.2,2.7,7.1,41950,536809.8,510151.9,22.7,90.36,4,1987.11,
467,Barisal,1987,12,29,14.1,0,83,0.1,1.3,8.3,41950,536809.8,510151.9,22.7,90.36,4,1987.12,
468,Barisal,1988,1,28,12.1,0,81,0.2,0.5,8.3,41950,536809.8,510151.9,22.7,90.36,4,1988.01,
469,Barisal,1988,2,31,15.6,22,79,0.3,1.6,7.9,41950,536809.8,510151.9,22.7,90.36,4,1988.02,
470,Barisal,1988,3,35.2,21.1,65,77,0.7,3,8.2,41950,536809.8,510151.9,22.7,90.36,4,1988.03,
471,Barisal,1988,4,37,24.3,96,79,1.1,4,8,41950,536809.8,510151.9,22.7,90.36,4,1988.04,
472,Barisal,1988,5,34.5,25.5,393,84,1.4,5.6,6.2,41950,536809.8,510151.9,22.7,90.36,4,1988.05,1
473,Barisal,1988,6,34.6,25.4,565,88,1.2,6,3.8,41950,536809.8,510151.9,22.7,90.36,4,1988.06,1
474,Barisal,1988,7,33.5,25.9,422,90,1.3,6.5,4,41950,536809.8,510151.9,22.7,90.36,4,1988.07,1
475,Barisal,1988,8,32.4,26.2,459,91,1.3,7.1,2.8,41950,536809.8,510151.9,22.7,90.36,4,1988.08,1
476,Barisal,1988,9,35,25.9,228,88,0.5,5.7,6.1,41950,536809.8,510151.9,22.7,90.36,4,1988.09,
477,Barisal,1988,10,33.5,23.5,101,87,0.3,3.2,7.4,41950,536809.8,510151.9,22.7,90.36,4,1988.1,
478,Barisal,1988,11,31.5,18.9,113,86,0.6,2.5,7.6,41950,536809.8,510151.9,22.7,90.36,4,1988.11,
479,Barisal,1988,12,29.4,15.5,0,84,0.2,0.7,8.1,41950,536809.8,510151.9,22.7,90.36,4,1988.12,
480,Barisal,1989,1,27.1,10.2,0,79,0.3,0.3,8.3,41950,536809.8,510151.9,22.7,90.36,4,1989.01,
481,Barisal,1989,2,31.6,15.7,14,75,0.6,0.9,8.8,41950,536809.8,510151.9,22.7,90.36,4,1989.02,
482,Barisal,1989,3,36.2,19.9,1,70,0.7,2,8.8,41950,536809.8,510151.9,22.7,90.36,4,1989.03,
483,Barisal,1989,4,35.5,24.7,89,80,2.2,3.7,9,41950,536809.8,510151.9,22.7,90.36,4,1989.04,
484,Barisal,1989,5,35.5,26,164,84,1.7,4.6,7.8,41950,536809.8,510151.9,22.7,90.36,4,1989.05,
485,Barisal,1989,6,34.5,25.7,206,87,1.3,6,5.5,41950,536809.8,510151.9,22.7,90.36,4,1989.06,
486,Barisal,1989,7,33.6,25.4,453,89,1.3,6.3,4.9,41950,536809.8,510151.9,22.7,90.36,4,1989.07,1
487,Barisal,1989,8,32.7,25.4,203,88,1,5.7,4.3,41950,536809.8,510151.9,22.7,90.36,4,1989.08,
488,Barisal,1989,9,33,25.1,413,90,0.6,5.7,4.9,41950,536809.8,510151.9,22.7,90.36,4,1989.09,1
489,Barisal,1989,10,34.2,24.1,451,90,0.3,4.4,4.8,41950,536809.8,510151.9,22.7,90.36,4,1989.1,1
490,Barisal,1989,11,32,17.8,0,84,0.1,1.1,8.5,41950,536809.8,510151.9,22.7,90.36,4,1989.11,
491,Barisal,1989,12,28.5,12.3,0,81,0.3,0.6,8.3,41950,536809.8,510151.9,22.7,90.36,4,1989.12,
492,Barisal,1990,1,29.9,12.5,0,83,0.3,0.5,7.1,41950,536809.8,510151.9,22.7,90.36,4,1990.01,
493,Barisal,1990,2,31.7,17.4,79,81,0.4,3.2,7.2,41950,536809.8,510151.9,22.7,90.36,4,1990.02,
494,Barisal,1990,3,33.6,19,182,82,0.7,4,8.1,41950,536809.8,510151.9,22.7,90.36,4,1990.03,
495,Barisal,1990,4,34.6,22.9,139,82,1.9,4.8,8.4,41950,536809.8,510151.9,22.7,90.36,4,1990.04,
496,Barisal,1990,5,35,24.3,352,85,0.7,5.3,6.6,41950,536809.8,510151.9,22.7,90.36,4,1990.05,1
497,Barisal,1990,6,39.4,25.4,386,89,1.4,6.4,3.4,41950,536809.8,510151.9,22.7,90.36,4,1990.06,1
498,Barisal,1990,7,32.5,25.4,457,92,1,6.9,2.9,41950,536809.8,510151.9,22.7,90.36,4,1990.07,1
499,Barisal,1990,8,34,25.6,299,87,1,5.6,6,41950,536809.8,510151.9,22.7,90.36,4,1990.08,1
500,Barisal,1990,9,34,25.2,190,89,0.8,5.7,5.4,41950,536809.8,510151.9,22.7,90.36,4,1990.09,
501,Barisal,1990,10,33.6,22.6,194,86,0.5,4,6.2,41950,536809.8,510151.9,22.7,90.36,4,1990.1,
502,Barisal,1990,11,33,20.1,70,85,0.2,2.9,6.7,41950,536809.8,510151.9,22.7,90.36,4,1990.11,
503,Barisal,1990,12,29.2,13.9,30,82,0.2,1.5,7.2,41950,536809.8,510151.9,22.7,90.36,4,1990.12,
504,Barisal,1991,1,28.6,12.1,10,82,0.2,1.6,6.8,41950,536809.8,510151.9,22.7,90.36,4,1991.01,
505,Barisal,1991,2,33.2,16.5,14,80,0.5,1,8.1,41950,536809.8,510151.9,22.7,90.36,4,1991.02,
506,Barisal,1991,3,36.2,21.8,38,78,0.6,1.9,8.9,41950,536809.8,510151.9,22.7,90.36,4,1991.03,
507,Barisal,1991,4,36,24.3,53,79,1.5,4.2,7.9,41950,536809.8,510151.9,22.7,90.36,4,1991.04,
508,Barisal,1991,5,33.5,24.5,191,86,2.5,6.1,5.8,41950,536809.8,510151.9,22.7,90.36,4,1991.05,
509,Barisal,1991,6,34.4,25.1,562,90,1.3,6.6,3,41950,536809.8,510151.9,22.7,90.36,4,1991.06,1
510,Barisal,1991,7,33.3,25.7,356,88,1.5,6.5,3.9,41950,536809.8,510151.9,22.7,90.36,4,1991.07,1
511,Barisal,1991,8,35.5,25.3,369,89,1.2,6.7,4.2,41950,536809.8,510151.9,22.7,90.36,4,1991.08,1
512,Barisal,1991,9,33.5,25,232,90,0.6,6.4,3.4,41950,536809.8,510151.9,22.7,90.36,4,1991.09,1
513,Barisal,1991,10,33.5,23.7,497,89,0.5,4.5,5.5,41950,536809.8,510151.9,22.7,90.36,4,1991.1,1
514,Barisal,1991,11,30.5,17.9,54,82,0.2,2.2,6.8,41950,536809.8,510151.9,22.7,90.36,4,1991.11,
515,Barisal,1991,12,29.4,13.4,16,82,0.2,1.8,6.8,41950,536809.8,510151.9,22.7,90.36,4,1991.12,
516,Barisal,1992,1,28,11.6,4,81,0.2,0.6,7,41950,536809.8,510151.9,22.7,90.36,4,1992.01,
517,Barisal,1992,2,29.5,15.3,98,82,0.6,2,7.3,41950,536809.8,510151.9,22.7,90.36,4,1992.02,
518,Barisal,1992,3,36,22.2,0,77,1.3,2.2,7.9,41950,536809.8,510151.9,22.7,90.36,4,1992.03,
519,Barisal,1992,4,37.8,25.3,1,79,1.9,2.9,8.4,41950,536809.8,510151.9,22.7,90.36,4,1992.04,
520,Barisal,1992,5,35.5,23.9,205,83,1.3,4.1,7.2,41950,536809.8,510151.9,22.7,90.36,4,1992.05,
521,Barisal,1992,6,35,25.9,190,88,1.2,5.5,5,41950,536809.8,510151.9,22.7,90.36,4,1992.06,
522,Barisal,1992,7,35.5,25.5,299,90,1.3,6.9,2.6,41950,536809.8,510151.9,22.7,90.36,4,1992.07,1
523,Barisal,1992,8,34.3,25.3,326,91,1.2,6.1,4.6,41950,536809.8,510151.9,22.7,90.36,4,1992.08,1
524,Barisal,1992,9,34.8,25.4,210,88,0.8,4.7,5.5,41950,536809.8,510151.9,22.7,90.36,4,1992.09,
525,Barisal,1992,10,34,23.6,98,88,0.4,3.2,7.3,41950,536809.8,510151.9,22.7,90.36,4,1992.1,
526,Barisal,1992,11,32.5,18.8,8,83,0.1,3.2,6.4,41950,536809.8,510151.9,22.7,90.36,4,1992.11,
527,Barisal,1992,12,28,12.2,0,82,0.3,0.5,7.5,41950,536809.8,510151.9,22.7,90.36,4,1992.12,
528,Barisal,1993,1,28.5,11.6,1,83,0.2,0.8,6.8,41950,536809.8,510151.9,22.7,90.36,4,1993.01,
529,Barisal,1993,2,31.6,16.3,35,83,0.7,1.2,8.1,41950,536809.8,510151.9,22.7,90.36,4,1993.02,
530,Barisal,1993,3,35.5,18.4,173,77,0.8,2,7.9,41950,536809.8,510151.9,22.7,90.36,4,1993.03,
531,Barisal,1993,4,36,22.6,216,83,1.2,3.9,8.8,41950,536809.8,510151.9,22.7,90.36,4,1993.04,
532,Barisal,1993,5,34.5,23.8,352,87,1.6,5.2,6.9,41950,536809.8,510151.9,22.7,90.36,4,1993.05,1
533,Barisal,1993,6,34.4,25.5,384,89,2.1,6.1,4.9,41950,536809.8,510151.9,22.7,90.36,4,1993.06,1
534,Barisal,1993,7,33.2,25.5,408,90,2.1,6.4,3.9,41950,536809.8,510151.9,22.7,90.36,4,1993.07,1
535,Barisal,1993,8,33.8,25.7,556,91,1.5,6.6,3.5,41950,536809.8,510151.9,22.7,90.36,4,1993.08,1
536,Barisal,1993,9,34.6,25,245,89,0.9,5.9,4.1,41950,536809.8,510151.9,22.7,90.36,4,1993.09,
537,Barisal,1993,10,33.5,23.9,134,87,0.3,3.5,6.6,41950,536809.8,510151.9,22.7,90.36,4,1993.1,
538,Barisal,1993,11,31.2,18.9,12,86,0.1,1.3,7.9,41950,536809.8,510151.9,22.7,90.36,4,1993.11,
539,Barisal,1993,12,29.5,13.8,0,81,0.2,1.3,7.6,41950,536809.8,510151.9,22.7,90.36,4,1993.12,
540,Barisal,1994,1,29.6,12.2,4,71,0.4,0.4,7.7,41950,536809.8,510151.9,22.7,90.36,4,1994.01,
541,Barisal,1994,2,31,14.6,13,72,0.4,1.4,7.8,41950,536809.8,510151.9,22.7,90.36,4,1994.02,
542,Barisal,1994,3,34.8,21.3,92,73,1.3,2.5,8.1,41950,536809.8,510151.9,22.7,90.36,4,1994.03,
543,Barisal,1994,4,36.5,23.1,101,77,0.8,3.5,8,41950,536809.8,510151.9,22.7,90.36,4,1994.04,
544,Barisal,1994,5,36.2,25.1,178,83,1,4.2,7.5,41950,536809.8,510151.9,22.7,90.36,4,1994.05,
545,Barisal,1994,6,35.5,25.5,571,89,1.2,6.4,3.3,41950,536809.8,510151.9,22.7,90.36,4,1994.06,1
546,Barisal,1994,7,33.2,25.7,202,88,1.3,6.4,4.2,41950,536809.8,510151.9,22.7,90.36,4,1994.07,1
547,Barisal,1994,8,33,25.4,378,88,1.1,6.4,4.2,41950,536809.8,510151.9,22.7,90.36,4,1994.08,1
548,Barisal,1994,9,34.4,24.7,144,83,0.8,4.5,6.4,41950,536809.8,510151.9,22.7,90.36,4,1994.09,
549,Barisal,1994,10,34,23.3,87,80,0.1,2.9,7,41950,536809.8,510151.9,22.7,90.36,4,1994.1,
550,Barisal,1994,11,32.4,18.6,7,78,0.2,2.8,6.6,41950,536809.8,510151.9,22.7,90.36,4,1994.11,
551,Barisal,1994,12,30.1,12,0,76,0.2,0.5,7.8,41950,536809.8,510151.9,22.7,90.36,4,1994.12,
552,Barisal,1995,1,29,10.7,1,73,0.4,1.7,6.8,41950,536809.8,510151.9,22.7,90.36,4,1995.01,
553,Barisal,1995,2,31,15,62,73,0.3,2.1,7,41950,536809.8,510151.9,22.7,90.36,4,1995.02,
554,Barisal,1995,3,36.7,19.2,6,68,0.5,1.3,8.7,41950,536809.8,510151.9,22.7,90.36,4,1995.03,
555,Barisal,1995,4,38.2,24.6,12,75,1.2,2.7,9.1,41950,536809.8,510151.9,22.7,90.36,4,1995.04,
556,Barisal,1995,5,36.7,26.5,144,84,1.6,5.2,6,41950,536809.8,510151.9,22.7,90.36,4,1995.05,
557,Barisal,1995,6,34.6,25.6,657,88,1.1,6,3.2,41950,536809.8,510151.9,22.7,90.36,4,1995.06,1
558,Barisal,1995,7,34,25.1,517,88,1.4,6.7,3.4,41950,536809.8,510151.9,22.7,90.36,4,1995.07,1
559,Barisal,1995,8,34.7,25.5,342,87,1.2,6,5.3,41950,536809.8,510151.9,22.7,90.36,4,1995.08,1
560,Barisal,1995,9,34.7,25.1,208,87,0.8,6.1,3.5,41950,536809.8,510151.9,22.7,90.36,4,1995.09,
561,Barisal,1995,10,34,23.9,156,84,0.1,3.5,6.6,41950,536809.8,510151.9,22.7,90.36,4,1995.1,
562,Barisal,1995,11,33.2,19.5,153,81,0.4,3.1,6.4,41950,536809.8,510151.9,22.7,90.36,4,1995.11,
563,Barisal,1995,12,29.5,13.2,0,71,0.1,0.2,7.3,41950,536809.8,510151.9,22.7,90.36,4,1995.12,
564,Barisal,1996,1,29.4,12.4,0,80,0.2,0.5,8.2,41950,536809.8,510151.9,22.7,90.36,4,1996.01,
565,Barisal,1996,2,31.5,15,20,76,0.4,1.6,8.7,41950,536809.8,510151.9,22.7,90.36,4,1996.02,
566,Barisal,1996,3,35.2,22.3,12,77,1.2,2.7,8,41950,536809.8,510151.9,22.7,90.36,4,1996.03,
567,Barisal,1996,4,36.6,23.5,131,82,1.2,3.5,7.5,41950,536809.8,510151.9,22.7,90.36,4,1996.04,
568,Barisal,1996,5,36.6,25.3,94,84,2.3,4.7,7.5,41950,536809.8,510151.9,22.7,90.36,4,1996.05,
569,Barisal,1996,6,35.5,25.2,449,87,1.8,5.4,4.8,41950,536809.8,510151.9,22.7,90.36,4,1996.06,1
570,Barisal,1996,7,35,25.7,307,88,1.6,5.9,3.3,41950,536809.8,510151.9,22.7,90.36,4,1996.07,1
571,Barisal,1996,8,34.4,25.3,322,91,1,6,2.6,41950,536809.8,510151.9,22.7,90.36,4,1996.08,1
572,Barisal,1996,9,37.8,25.3,202,88,0.3,5.3,4.4,41950,536809.8,510151.9,22.7,90.36,4,1996.09,
573,Barisal,1996,10,35.4,23,270,86,0.5,3.1,7.6,41950,536809.8,510151.9,22.7,90.36,4,1996.1,1
574,Barisal,1996,11,33.6,18.3,4,84,0.1,1.4,8.3,41950,536809.8,510151.9,22.7,90.36,4,1996.11,
575,Barisal,1996,12,30.2,13.4,1,81,0.1,1.6,6.2,41950,536809.8,510151.9,22.7,90.36,4,1996.12,
576,Barisal,1997,1,28.2,10.7,1,79,0.3,1.1,7.5,41950,536809.8,510151.9,22.7,90.36,4,1997.01,
577,Barisal,1997,2,31.4,14.6,30,79,0.5,1.5,8.1,41950,536809.8,510151.9,22.7,90.36,4,1997.02,
578,Barisal,1997,3,35,21.1,79,81,0.9,3.1,7.6,41950,536809.8,510151.9,22.7,90.36,4,1997.03,
579,Barisal,1997,4,35.2,20.7,203,84,1.1,4.6,7.4,41950,536809.8,510151.9,22.7,90.36,4,1997.04,
580,Barisal,1997,5,35.6,24.2,235,84,1.6,5.3,7.1,41950,536809.8,510151.9,22.7,90.36,4,1997.05,1
581,Barisal,1997,6,35.4,25.3,205,86,2.1,6.4,4.6,41950,536809.8,510151.9,22.7,90.36,4,1997.06,1
582,Barisal,1997,7,33.7,25.4,406,91,1.6,6.9,3.1,41950,536809.8,510151.9,22.7,90.36,4,1997.07,1
583,Barisal,1997,8,35.6,25.8,191,89,1.4,6.4,4.4,41950,536809.8,510151.9,22.7,90.36,4,1997.08,
584,Barisal,1997,9,34,24.6,378,91,0.7,6.1,4.1,41950,536809.8,510151.9,22.7,90.36,4,1997.09,1
585,Barisal,1997,10,34.6,22,7,84,0.1,2.1,8.5,41950,536809.8,510151.9,22.7,90.36,4,1997.1,
586,Barisal,1997,11,33.6,18.9,11,85,0.2,2,7.3,41950,536809.8,510151.9,22.7,90.36,4,1997.11,
587,Barisal,1997,12,29.6,13.4,12,89,0.4,2.1,4.2,41950,536809.8,510151.9,22.7,90.36,4,1997.12,
588,Barisal,1998,1,29,11.8,148,88,0.7,2.4,5.5,41950,536809.8,510151.9,22.7,90.36,4,1998.01,
589,Barisal,1998,2,31.5,15.4,54,79,0.5,2,7.2,41950,536809.8,510151.9,22.7,90.36,4,1998.02,
590,Barisal,1998,3,34.5,17.9,273,75,0.9,2.6,8.1,41950,536809.8,510151.9,22.7,90.36,4,1998.03,1
591,Barisal,1998,4,35.6,22.5,251,81,1.4,3.8,8.1,41950,536809.8,510151.9,22.7,90.36,4,1998.04,1
592,Barisal,1998,5,36.5,24.5,179,84,1.4,5.2,4.7,41950,536809.8,510151.9,22.7,90.36,4,1998.05,
593,Barisal,1998,6,35.5,25.8,208,86,2.3,5.7,3.1,41950,536809.8,510151.9,22.7,90.36,4,1998.06,1
594,Barisal,1998,7,34.5,25.1,616,92,1.7,6.8,1.9,41950,536809.8,510151.9,22.7,90.36,4,1998.07,1
595,Barisal,1998,8,34.5,25.2,516,91,1.1,6.3,2.8,41950,536809.8,510151.9,22.7,90.36,4,1998.08,1
596,Barisal,1998,9,35.6,25.2,254,89,0.6,5.5,4.1,41950,536809.8,510151.9,22.7,90.36,4,1998.09,1
597,Barisal,1998,10,35.6,24.8,89,87,0.4,3.7,6.1,41950,536809.8,510151.9,22.7,90.36,4,1998.1,
598,Barisal,1998,11,33.5,20.9,270,85,0.3,2.5,7.5,41950,536809.8,510151.9,22.7,90.36,4,1998.11,1
599,Barisal,1998,12,31.5,14.5,0,83,0.2,0.3,8.7,41950,536809.8,510151.9,22.7,90.36,4,1998.12,
600,Barisal,1999,1,30,12.1,0,82,0.5,0.4,8.2,41950,536809.8,510151.9,22.7,90.36,4,1999.01,
601,Barisal,1999,2,34.8,15.1,0,78,0.7,1.1,7.8,41950,536809.8,510151.9,22.7,90.36,4,1999.02,
602,Barisal,1999,3,38,20.5,0,74,1.1,1.8,5.9,41950,536809.8,510151.9,22.7,90.36,4,1999.03,
603,Barisal,1999,4,36.6,24.9,20,79,1.9,3.4,7.6,41950,536809.8,510151.9,22.7,90.36,4,1999.04,
604,Barisal,1999,5,35.7,25,212,86,2.2,5.7,3.8,41950,536809.8,510151.9,22.7,90.36,4,1999.05,1
605,Barisal,1999,6,36.7,25.4,260,88,1.9,6.6,3.1,41950,536809.8,510151.9,22.7,90.36,4,1999.06,1
606,Barisal,1999,7,34,25.1,527,91,1.6,7,2.9,41950,536809.8,510151.9,22.7,90.36,4,1999.07,1
607,Barisal,1999,8,34,25.4,404,91,1.4,7.1,2.6,41950,536809.8,510151.9,22.7,90.36,4,1999.08,1
608,Barisal,1999,9,35.5,25.2,301,89,1,6.6,3.7,41950,536809.8,510151.9,22.7,90.36,4,1999.09,1
609,Barisal,1999,10,34,24.1,228,89,0.6,5.3,4.9,41950,536809.8,510151.9,22.7,90.36,4,1999.1,1
610,Barisal,1999,11,33.5,18.8,1,82,0.1,1.2,8.7,41950,536809.8,510151.9,22.7,90.36,4,1999.11,
611,Barisal,1999,12,29.8,13.9,2,82,0.1,0.8,8.1,41950,536809.8,510151.9,22.7,90.36,4,1999.12,
612,Barisal,2000,1,30,12.4,0,81,0.4,0.9,7.9,41950,536809.8,510151.9,22.7,90.36,4,2000.01,
613,Barisal,2000,2,29.2,14.3,16,78,0.4,3.8,6.6,41950,536809.8,510151.9,22.7,90.36,4,2000.02,
614,Barisal,2000,3,34.6,19.8,50,77,1.1,3.1,6.3,41950,536809.8,510151.9,22.7,90.36,4,2000.03,
615,Barisal,2000,4,35.3,23.2,135,80,2.4,4.3,5.5,41950,536809.8,510151.9,22.7,90.36,4,2000.04,
616,Barisal,2000,5,36.3,24.3,246,83,1.3,6,4.4,41950,536809.8,510151.9,22.7,90.36,4,2000.05,1
617,Barisal,2000,6,34.8,25,282,90,1.6,6.7,2.7,41950,536809.8,510151.9,22.7,90.36,4,2000.06,1
618,Barisal,2000,7,35.2,25.2,389,88,1.7,6.4,3.8,41950,536809.8,510151.9,22.7,90.36,4,2000.07,1
619,Barisal,2000,8,34.5,25.7,203,87,1.5,6.6,3.6,41950,536809.8,510151.9,22.7,90.36,4,2000.08,1
620,Barisal,2000,9,34.2,24.8,245,89,0.8,5.8,4.1,41950,536809.8,510151.9,22.7,90.36,4,2000.09,1
621,Barisal,2000,10,34.8,24.1,171,89,0.4,3.9,6.4,41950,536809.8,510151.9,22.7,90.36,4,2000.1,
622,Barisal,2000,11,33,19.2,10,87,0.1,1.1,8.7,41950,536809.8,510151.9,22.7,90.36,4,2000.11,
623,Barisal,2000,12,28.8,12.9,0,82,0.1,0.2,9.4,41950,536809.8,510151.9,22.7,90.36,4,2000.12,
624,Barisal,2001,1,29.5,10.1,0,81,0.1,0.3,8.9,41950,536809.8,510151.9,22.7,90.36,4,2001.01,
625,Barisal,2001,2,32.1,14.9,17,79,0.6,1.4,8.6,41950,536809.8,510151.9,22.7,90.36,4,2001.02,
626,Barisal,2001,3,35.6,19,4,75,0.5,2,8,41950,536809.8,510151.9,22.7,90.36,4,2001.03,
627,Barisal,2001,4,37.6,23.6,16,77,1.5,3.8,6.8,41950,536809.8,510151.9,22.7,90.36,4,2001.04,
628,Barisal,2001,5,35.6,23.7,282,87,1.3,5.3,5,41950,536809.8,510151.9,22.7,90.36,4,2001.05,1
629,Barisal,2001,6,34.5,25,641,94,1.6,7.3,1.9,41950,536809.8,510151.9,22.7,90.36,4,2001.06,1
630,Barisal,2001,7,33,25.3,556,91,2,7.1,3.8,41950,536809.8,510151.9,22.7,90.36,4,2001.07,1
631,Barisal,2001,8,33.7,26,191,87,1.3,6.1,4.8,41950,536809.8,510151.9,22.7,90.36,4,2001.08,
632,Barisal,2001,9,34.5,25.2,151,89,0.7,5.5,4.2,41950,536809.8,510151.9,22.7,90.36,4,2001.09,
633,Barisal,2001,10,35,24,305,89,0.3,4.6,6.5,41950,536809.8,510151.9,22.7,90.36,4,2001.1,1
634,Barisal,2001,11,32,20.5,67,89,0.1,3,6.6,41950,536809.8,510151.9,22.7,90.36,4,2001.11,
635,Barisal,2001,12,29.8,13.3,0,86,0.1,0.8,7.6,41950,536809.8,510151.9,22.7,90.36,4,2001.12,
636,Barisal,2002,1,29,13,19,85,0.1,1.8,6.9,41950,536809.8,510151.9,22.7,90.36,4,2002.01,
637,Barisal,2002,2,34,14.2,0,77,0.3,0.7,9.4,41950,536809.8,510151.9,22.7,90.36,4,2002.02,
638,Barisal,2002,3,36,19.8,36,72,0.6,2.3,8,41950,536809.8,510151.9,22.7,90.36,4,2002.03,
639,Barisal,2002,4,34.4,22.8,101,80,1.8,4.8,8.6,41950,536809.8,510151.9,22.7,90.36,4,2002.04,
640,Barisal,2002,5,35.4,24.1,324,83,1.9,5.9,7.2,41950,536809.8,510151.9,22.7,90.36,4,2002.05,1
641,Barisal,2002,6,35.4,25.6,541,89,1.3,6.7,3.5,41950,536809.8,510151.9,22.7,90.36,4,2002.06,1
642,Barisal,2002,7,34.5,25.9,716,90,1.1,7.3,2.7,41950,536809.8,510151.9,22.7,90.36,4,2002.07,1
643,Barisal,2002,8,34,26,272,89,1,6.4,5,41950,536809.8,510151.9,22.7,90.36,4,2002.08,1
644,Barisal,2002,9,35,25.5,315,92,0.5,5.7,4.8,41950,536809.8,510151.9,22.7,90.36,4,2002.09,1
645,Barisal,2002,10,34.2,23.6,53,88,0.1,3.4,7.6,41950,536809.8,510151.9,22.7,90.36,4,2002.1,
646,Barisal,2002,11,33,19.8,92,85,0.2,3.2,7.9,41950,536809.8,510151.9,22.7,90.36,4,2002.11,
647,Barisal,2002,12,30,14.7,0,83,0.1,0.3,8.2,41950,536809.8,510151.9,22.7,90.36,4,2002.12,
648,Barisal,2003,1,28.6,11.1,0,81,0.2,1.4,7.4,41950,536809.8,510151.9,22.7,90.36,4,2003.01,
649,Barisal,2003,2,31.5,16.1,4,75,0.3,1.4,8.2,41950,536809.8,510151.9,22.7,90.36,4,2003.02,
650,Barisal,2003,3,34.8,19.5,117,77,0.6,2.9,7.8,41950,536809.8,510151.9,22.7,90.36,4,2003.03,
651,Barisal,2003,4,35.6,24.8,104,85,1.9,4.4,8.1,41950,536809.8,510151.9,22.7,90.36,4,2003.04,
652,Barisal,2003,5,35.4,26,85,86,1.6,5.1,7.4,41950,536809.8,510151.9,22.7,90.36,4,2003.05,
653,Barisal,2003,6,36.5,25.7,521,92,1.9,7,2.7,41950,536809.8,510151.9,22.7,90.36,4,2003.06,1
654,Barisal,2003,7,34.2,26.5,243,92,1.5,6.4,4.8,41950,536809.8,510151.9,22.7,90.36,4,2003.07,1
655,Barisal,2003,8,34.2,26.7,186,87,1.2,6.2,5.8,41950,536809.8,510151.9,22.7,90.36,4,2003.08,
656,Barisal,2003,9,34.3,26.1,206,88,0.5,5.6,4.7,41950,536809.8,510151.9,22.7,90.36,4,2003.09,
657,Barisal,2003,10,34.2,24.8,301,89,0.2,4.6,5.8,41950,536809.8,510151.9,22.7,90.36,4,2003.1,1
658,Barisal,2003,11,32.5,18.1,0,83,0,0.4,8.7,41950,536809.8,510151.9,22.7,90.36,4,2003.11,
659,Barisal,2003,12,29.5,14.7,28,84,0,1.7,6.2,41950,536809.8,510151.9,22.7,90.36,4,2003.12,
660,Barisal,2004,1,29,13,0,82,0.2,2.3,6,41950,536809.8,510151.9,22.7,90.36,4,2004.01,
661,Barisal,2004,2,33.1,15.2,0,77,0.4,1.2,8.1,41950,536809.8,510151.9,22.7,90.36,4,2004.02,
662,Barisal,2004,3,36.4,21.8,11,76,1.2,3,7.5,41950,536809.8,510151.9,22.7,90.36,4,2004.03,
663,Barisal,2004,4,34.4,24.3,87,80,2.5,5.1,7,41950,536809.8,510151.9,22.7,90.36,4,2004.04,
664,Barisal,2004,5,36.8,25.8,126,78,1.6,4.2,7.2,41950,536809.8,510151.9,22.7,90.36,4,2004.05,
665,Barisal,2004,6,35.8,25.6,316,87,0.8,6,2.5,41950,536809.8,510151.9,22.7,90.36,4,2004.06,1
666,Barisal,2004,7,33.8,25.9,241,87,1.6,6.9,3.5,41950,536809.8,510151.9,22.7,90.36,4,2004.07,
667,Barisal,2004,8,33.4,26.1,478,90,1.4,6.7,4,41950,536809.8,510151.9,22.7,90.36,4,2004.08,1
668,Barisal,2004,9,34.2,25.5,1067,91,0.8,6.4,3.7,41950,536809.8,510151.9,22.7,90.36,4,2004.09,1
669,Barisal,2004,10,33.6,23.3,203,89,0.3,2.8,7.4,41950,536809.8,510151.9,22.7,90.36,4,2004.1,
670,Barisal,2004,11,30.8,18.1,0,89,0.1,0.6,7.7,41950,536809.8,510151.9,22.7,90.36,4,2004.11,
671,Barisal,2004,12,29.5,14.9,0,87,0,0.5,6.9,41950,536809.8,510151.9,22.7,90.36,4,2004.12,
672,Barisal,2005,1,29.5,12.5,11,87,0.4,1.5,7.2,41950,536809.8,510151.9,22.7,90.36,4,2005.01,
673,Barisal,2005,2,33.6,16.9,0,78,0.7,1.2,8.8,41950,536809.8,510151.9,22.7,90.36,4,2005.02,
674,Barisal,2005,3,36,22.1,138,83,0.9,3.5,7.5,41950,536809.8,510151.9,22.7,90.36,4,2005.03,
675,Barisal,2005,4,36.5,24.6,26,80,0.8,3.7,9.1,41950,536809.8,510151.9,22.7,90.36,4,2005.04,
676,Barisal,2005,5,36,25.4,85,83,1.3,4.8,8,41950,536809.8,510151.9,22.7,90.36,4,2005.05,
677,Barisal,2005,6,36.5,27.1,326,88,0.9,6.1,4.4,41950,536809.8,510151.9,22.7,90.36,4,2005.06,1
678,Barisal,2005,7,33.2,25.9,463,93,1.3,6.6,4.5,41950,536809.8,510151.9,22.7,90.36,4,2005.07,1
679,Barisal,2005,8,35.5,26.2,302,93,0.9,6.9,2.9,41950,536809.8,510151.9,22.7,90.36,4,2005.08,1
680,Barisal,2005,9,35.2,26,174,89,0.8,6,4.2,41950,536809.8,510151.9,22.7,90.36,4,2005.09,1
681,Barisal,2005,10,35,24.3,415,89,0.5,4.9,5.3,41950,536809.8,510151.9,22.7,90.36,4,2005.1,1
682,Barisal,2005,11,32,18.4,0,85,0.3,1.6,7.9,41950,536809.8,510151.9,22.7,90.36,4,2005.11,
683,Barisal,2005,12,30,14,3,84,0.4,1.6,7.8,41950,536809.8,510151.9,22.7,90.36,4,2005.12,
684,Barisal,2006,1,29.6,12.1,0,81,0.5,0.9,7.7,41950,536809.8,510151.9,22.7,90.36,4,2006.01,
685,Barisal,2006,2,35.6,18.4,0,80,0.8,1.1,8.4,41950,536809.8,510151.9,22.7,90.36,4,2006.02,
686,Barisal,2006,3,37.5,21,4,77,0.6,2.2,8.1,41950,536809.8,510151.9,22.7,90.36,4,2006.03,
687,Barisal,2006,4,36.6,24.1,41,81,1.5,3.8,7.4,41950,536809.8,510151.9,22.7,90.36,4,2006.04,
688,Barisal,2006,5,36.2,25.4,274,83,1.3,4.8,6,41950,536809.8,510151.9,22.7,90.36,4,2006.05,1
689,Barisal,2006,6,36.5,26.6,352,89,1.3,6.4,3.4,41950,536809.8,510151.9,22.7,90.36,4,2006.06,1
690,Barisal,2006,7,33.5,26.2,384,91,1.4,6.8,3.8,41950,536809.8,510151.9,22.7,90.36,4,2006.07,1
691,Barisal,2006,8,33.7,25.9,378,89,1.6,6.8,4.4,41950,536809.8,510151.9,22.7,90.36,4,2006.08,1
692,Barisal,2006,9,35,25.9,522,89,0.9,5.7,5.2,41950,536809.8,510151.9,22.7,90.36,4,2006.09,1
693,Barisal,2006,10,34.8,24.4,41,88,0.1,4,6,41950,536809.8,510151.9,22.7,90.36,4,2006.1,
694,Barisal,2006,11,32.9,19.4,2,84,0.1,2.6,6.9,41950,536809.8,510151.9,22.7,90.36,4,2006.11,
695,Barisal,2006,12,29.8,13.9,0,83,0.1,0.4,7.9,41950,536809.8,510151.9,22.7,90.36,4,2006.12,
696,Barisal,2007,1,29.4,11.2,0,81,0.2,0.7,7.2,41950,536809.8,510151.9,22.7,90.36,4,2007.01,
697,Barisal,2007,2,31.2,16,72,81,0.4,2,6.9,41950,536809.8,510151.9,22.7,90.36,4,2007.02,
698,Barisal,2007,3,35.5,18.4,33,71,0.6,1.1,8.6,41950,536809.8,510151.9,22.7,90.36,4,2007.03,
699,Barisal,2007,4,35.2,23.8,50,79,1.6,3.7,6.8,41950,536809.8,510151.9,22.7,90.36,4,2007.04,
700,Barisal,2007,5,37,25.7,146,82,1,4.1,7.4,41950,536809.8,510151.9,22.7,90.36,4,2007.05,
701,Barisal,2007,6,35,26.3,471,88,1.2,6.1,4.1,41950,536809.8,510151.9,22.7,90.36,4,2007.06,1
702,Barisal,2007,7,33.5,25.9,560,91,1.2,6.9,2.2,41950,536809.8,510151.9,22.7,90.36,4,2007.07,1
703,Barisal,2007,8,35,26.4,218,88,0.9,6.3,4.5,41950,536809.8,510151.9,22.7,90.36,4,2007.08,1
704,Barisal,2007,9,34.8,25.8,326,91,0.9,6.5,3.4,41950,536809.8,510151.9,22.7,90.36,4,2007.09,1
705,Barisal,2007,10,35.5,23.6,357,88,0.4,3.8,6.6,41950,536809.8,510151.9,22.7,90.36,4,2007.1,1
706,Barisal,2007,11,31.6,20.2,95,85,0.6,2.3,6.6,41950,536809.8,510151.9,22.7,90.36,4,2007.11,
707,Barisal,2007,12,28.8,13.9,0,81,0.3,0.9,5.4,41950,536809.8,510151.9,22.7,90.36,4,2007.12,
708,Barisal,2008,1,30,13.2,41,81,0.4,1.6,6.5,41950,536809.8,510151.9,22.7,90.36,4,2008.01,
709,Barisal,2008,2,30,14.2,24,77,0.6,1.3,7.6,41950,536809.8,510151.9,22.7,90.36,4,2008.02,
710,Barisal,2008,3,35,21.9,22,78,1,3.6,6.9,41950,536809.8,510151.9,22.7,90.36,4,2008.03,
711,Barisal,2008,4,37.2,24,16,80,1.4,2.8,8.8,41950,536809.8,510151.9,22.7,90.36,4,2008.04,
712,Barisal,2008,5,36.8,25.4,64,81,1.1,4.5,7.5,41950,536809.8,510151.9,22.7,90.36,4,2008.05,
713,Barisal,2008,6,35.5,26,239,89,1.3,6.6,2.9,41950,536809.8,510151.9,22.7,90.36,4,2008.06,1
714,Barisal,2008,7,33.4,25.9,550,90,1.1,7.1,2.8,41950,536809.8,510151.9,22.7,90.36,4,2008.07,1
715,Barisal,2008,8,33.5,26.1,357,88,0.9,6.1,4.1,41950,536809.8,510151.9,22.7,90.36,4,2008.08,1
716,Barisal,2008,9,34.5,25.8,210,88,0.8,5.5,5,41950,536809.8,510151.9,22.7,90.36,4,2008.09,1
717,Barisal,2008,10,34.5,23.5,341,87,0.4,3.3,6.6,41950,536809.8,510151.9,22.7,90.36,4,2008.1,1
718,Barisal,2008,11,32.4,18.4,0,83,0.1,1.1,8.6,41950,536809.8,510151.9,22.7,90.36,4,2008.11,
719,Barisal,2008,12,29.7,15.4,0,87,0.1,0.9,6.2,41950,536809.8,510151.9,22.7,90.36,4,2008.12,
720,Barisal,2009,1,29,13.6,0,82,1.7,0.5,6.8,41950,536809.8,510151.9,22.7,90.36,4,2009.01,
721,Barisal,2009,2,33.6,16,20,75,3.1,0.8,8.5,41950,536809.8,510151.9,22.7,90.36,4,2009.02,
722,Barisal,2009,3,35,21.1,13,77,2.3,2.8,7.5,41950,536809.8,510151.9,22.7,90.36,4,2009.03,
723,Barisal,2009,4,37,25.1,112,78,3.9,2.8,8.8,41950,536809.8,510151.9,22.7,90.36,4,2009.04,
724,Barisal,2009,5,36,25.6,133,79,4,4.7,7.2,41950,536809.8,510151.9,22.7,90.36,4,2009.05,
725,Barisal,2009,6,37,27,139,82,3.5,5.3,6.1,41950,536809.8,510151.9,22.7,90.36,4,2009.06,
726,Barisal,2009,7,34.5,26.2,542,89,3.1,6.7,3.7,41950,536809.8,510151.9,22.7,90.36,4,2009.07,1
727,Barisal,2009,8,35.5,26.1,518,89,2,6.6,4,41950,536809.8,510151.9,22.7,90.36,4,2009.08,1
728,Barisal,2009,9,35.4,26.1,168,87,1.8,5.3,5.3,41950,536809.8,510151.9,22.7,90.36,4,2009.09,
729,Barisal,2009,10,34.2,23.3,162,87,0.8,3.2,7.1,41950,536809.8,510151.9,22.7,90.36,4,2009.1,
730,Barisal,2009,11,34,19.3,13,83,0.4,2.1,7.7,41950,536809.8,510151.9,22.7,90.36,4,2009.11,
731,Barisal,2009,12,29.5,13.1,0,82,0.6,0.5,7,41950,536809.8,510151.9,22.7,90.36,4,2009.12,
732,Barisal,2010,1,28.9,10.8,0,81,1.9,1,7.1,41950,536809.8,510151.9,22.7,90.36,4,2010.01,
733,Barisal,2010,2,32.6,15.6,1,75,1.7,1.6,7.5,41950,536809.8,510151.9,22.7,90.36,4,2010.02,
734,Barisal,2010,3,36.9,22.9,1,73,3.1,2.5,8.2,41950,536809.8,510151.9,22.7,90.36,4,2010.03,
735,Barisal,2010,4,37.2,26.5,10,77,5.1,4.8,8.1,41950,536809.8,510151.9,22.7,90.36,4,2010.04,
736,Barisal,2010,5,36.3,25.8,212,81,3.8,5.6,6.7,41950,536809.8,510151.9,22.7,90.36,4,2010.05,1
737,Barisal,2010,6,35.1,26.4,481,88,2.7,6.6,3.8,41950,536809.8,510151.9,22.7,90.36,4,2010.06,1
738,Barisal,2010,7,34,26.7,251,87,2,6.1,4.8,41950,536809.8,510151.9,22.7,90.36,4,2010.07,1
739,Barisal,2010,8,35.5,26.8,156,87,1.5,6.1,4.8,41950,536809.8,510151.9,22.7,90.36,4,2010.08,
740,Barisal,2010,9,33.8,26.2,184,88,1.2,5.2,5.1,41950,536809.8,510151.9,22.7,90.36,4,2010.09,
741,Barisal,2010,10,35.6,25,275,86,0.5,3.9,7,41950,536809.8,510151.9,22.7,90.36,4,2010.1,1
742,Barisal,2010,11,33,20.5,64,85,0,1.4,6.9,41950,536809.8,510151.9,22.7,90.36,4,2010.11,
743,Barisal,2010,12,30.3,13.5,27,82,0.4,1.4,6.2,41950,536809.8,510151.9,22.7,90.36,4,2010.12,
744,Barisal,2011,1,29,10.9,0,79,1,0.5,6.7,41950,536809.8,510151.9,22.7,90.36,4,2011.01,
745,Barisal,2011,2,31.5,15.3,0,73,2,0.9,7.9,41950,536809.8,510151.9,22.7,90.36,4,2011.02,
746,Barisal,2011,3,35.5,20.1,34,72,3.2,2.5,8,41950,536809.8,510151.9,22.7,90.36,4,2011.03,
747,Barisal,2011,4,35.7,23,105,79,1.7,3.5,7.5,41950,536809.8,510151.9,22.7,90.36,4,2011.04,
748,Barisal,2011,5,36.2,25.2,153,82,2.7,4.8,7.3,41950,536809.8,510151.9,22.7,90.36,4,2011.05,
749,Barisal,2011,6,35.6,26.3,481,88,3.5,6.3,3.6,41950,536809.8,510151.9,22.7,90.36,4,2011.06,1
750,Barisal,2011,7,35,26.4,314,87,3,5.9,4.8,41950,536809.8,510151.9,22.7,90.36,4,2011.07,1
751,Barisal,2011,8,35.6,25.9,428,90,2.9,6.5,3.4,41950,536809.8,510151.9,22.7,90.36,4,2011.08,1
752,Barisal,2011,9,35.5,25.9,337,89,2.9,5.8,4.2,41950,536809.8,510151.9,22.7,90.36,4,2011.09,1
753,Barisal,2011,10,35,24.5,56,85,0.3,2.8,6.9,41950,536809.8,510151.9,22.7,90.36,4,2011.1,
754,Barisal,2011,11,32.5,18.4,1,83,0.2,0.6,7.7,41950,536809.8,510151.9,22.7,90.36,4,2011.11,
755,Barisal,2011,12,30.6,14.3,0,84,1.2,2.4,5.6,41950,536809.8,510151.9,22.7,90.36,4,2011.12,
756,Barisal,2012,1,28.8,13,31,82,1.9,2,5.4,41950,536809.8,510151.9,22.7,90.36,4,2012.01,
757,Barisal,2012,2,34.2,14.3,2,73,2.4,0.5,8.3,41950,536809.8,510151.9,22.7,90.36,4,2012.02,
758,Barisal,2012,3,35.8,21.8,11,75,1.8,2.3,7.5,41950,536809.8,510151.9,22.7,90.36,4,2012.03,
759,Barisal,2012,4,37.3,23.7,223,79,2.9,4.1,7.3,41950,536809.8,510151.9,22.7,90.36,4,2012.04,1
760,Barisal,2012,5,36.6,25.9,105,80,2.2,3.8,6.9,41950,536809.8,510151.9,22.7,90.36,4,2012.05,
761,Barisal,2012,6,36.7,27.2,205,86,2.3,6.6,3.8,41950,536809.8,510151.9,22.7,90.36,4,2012.06,1
762,Barisal,2012,7,34.2,26.5,275,89,2.2,6.9,3.7,41950,536809.8,510151.9,22.7,90.36,4,2012.07,1
763,Barisal,2012,8,34.6,26.2,270,87,1.8,6.5,5.1,41950,536809.8,510151.9,22.7,90.36,4,2012.08,1
764,Barisal,2012,9,35,26,381,90,1.3,5.9,4.1,41950,536809.8,510151.9,22.7,90.36,4,2012.09,1
765,Barisal,2012,10,34.6,23.3,70,86,1.1,3.2,6.9,41950,536809.8,510151.9,22.7,90.36,4,2012.1,
766,Barisal,2012,11,32.7,18.7,44,83,1.2,2.5,6.1,41950,536809.8,510151.9,22.7,90.36,4,2012.11,
767,Barisal,2012,12,28.8,12.7,0,85,1.4,1.1,5.9,41950,536809.8,510151.9,22.7,90.36,4,2012.12,
768,Barisal,2013,1,28.7,10.6,0,80,1.4,0.3,7.1,41950,536809.8,510151.9,22.7,90.36,4,2013.01,
769,Barisal,2013,2,32.3,14.8,6,76,1.3,1.6,7.7,41950,536809.8,510151.9,22.7,90.36,4,2013.02,
770,Barisal,2013,3,36.2,21,5,76,1.9,1.8,8.6,41950,536809.8,510151.9,22.7,90.36,4,2013.03,
771,Barisal,2013,4,36.2,24,64,76,2.5,3.5,8.2,41950,536809.8,510151.9,22.7,90.36,4,2013.04,
772,Barisal,2013,5,37.5,24.8,701,87,4.1,6.9,3.8,41950,536809.8,510151.9,22.7,90.36,4,2013.05,1
773,Barisal,2013,6,36,26.8,277,85,2.4,5.7,5.7,41950,536809.8,510151.9,22.7,90.36,4,2013.06,1
774,Barisal,2013,7,33,26.5,377,87,3.1,6.4,4.7,41950,536809.8,510151.9,22.7,90.36,4,2013.07,1
775,Barisal,2013,8,34,26.2,398,88,2.5,6.4,4,41950,536809.8,510151.9,22.7,90.36,4,2013.08,1
776,Barisal,2013,9,35,26,312,88,2,5.7,4.2,41950,536809.8,510151.9,22.7,90.36,4,2013.09,1
777,Barisal,2013,10,34.2,24.4,181,88,1.9,4.7,4.9,41950,536809.8,510151.9,22.7,90.36,4,2013.1,
778,Barisal,2013,11,32.2,17.7,0,81,1,0.9,8.5,41950,536809.8,510151.9,22.7,90.36,4,2013.11,
779,Barisal,2013,12,29.5,14.2,0,82,1,0.5,6.7,41950,536809.8,510151.9,22.7,90.36,4,2013.12,
